company_name,domain,office_phone,address,city,rating,review_count,place_id,source,discovered_at
1A Infotech,1ainfotech.com,098780 69696,"3rd Floor Part-A, SCO 112-113, Dakshin Marg, Sector 34A, Sector 30, Chandigarh, 160030, India",Mohali,5,38,ChIJc57fd3_tDzkR-L7kxxTqKlk,google_maps,2026-08-04T16:16:34
360 Bytes,360-bytes.com,,"3rd floor, H&H Business Arcade, D-141, Phase 7, Industrial Area, Sector 73, Sahibzada Ajit Singh Nagar, Punjab 160055, India",Mohali,3.6,94,ChIJxa4GaqoWrjsR7RgFUf1_wfE,google_maps,2026-08-04T16:16:34
360digiexpertz,360digiexpertz.com,070879 76232,"Scf 103, Phase 11, Sector 65, Sahibzada Ajit Singh Nagar, Punjab 160062, India",Mohali,5,51,ChIJu3DDudztDzkRbh5S7Gw82rg,google_maps,2026-08-04T16:16:34
Web Design & Development Company - 3D Fuzion,3dfuzion.com,089687 87820,"F-301, 6th floor, Phase, 8B, Phase 8B, Industrial Area, Sector 74, Sahibzada Ajit Singh Nagar, Punjab 140307, India",Mohali,5,26,ChIJzZ7fAlnvDzkRZhtMWtdCRBA,google_maps,2026-08-04T16:16:34
610 Web Lab,610weblab.com,084278 14610,"C-196/A, Times Square Building, 3rd Floor, Sector 74, Phase 8B, Industrial Area, Sector 74, Sahibzada Ajit Singh Nagar, Punjab 140307, India",Mohali,4.8,40,ChIJx8Rq6qLvDzkRCpJpmiz6d3k,google_maps,2026-08-04T16:16:34
Acuity Web Technologies,acuitywebtechnologies.com,070090 12498,"D-108E, Phase 7, Industrial Area, Balongi, Sahibzada Ajit Singh Nagar, Punjab 160055, India",Mohali,5,7,ChIJDXMloynvDzkR9d4Qbm6hkDg,google_maps,2026-08-04T16:16:34
Acumen IT Services,acumenitservices.com,098786 77746,"SCO 188-190, 4th Floor, Sector 34A, Sector 34, Chandigarh, 160022, India",Mohali,5,24,ChIJ6_NL7tHtDzkRUY9ji71XRA4,google_maps,2026-08-04T16:16:34
Adaired Digital Media,adaired.com,089073 00008,"5th Floor, Bestech Business Towers, B-509, Parkview Residence Colony, Sector 66, Sahibzada Ajit Singh Nagar, Punjab 160066, India",Mohali,4.4,129,ChIJd1eMuVztDzkR-YCgAUhEIYo,google_maps,2026-08-04T16:16:34
Chandigarh Digital Marketing Company,adexcelagency.com,093064 83741,"Near, Hotel O GG Residency, Sector 80, Mauli Baidwan, Sahibzada Ajit Singh Nagar, Punjab 140308, India",Mohali,5,81,ChIJd-8jPSvvDzkRz6vjXjOM574,google_maps,2026-08-04T16:16:34
Ai Creatives,aicreatives.com,098888 81684,"SCO 13, TDI SMART CITY, near Tdi Business Centre, Sector 118, Sahibzada Ajit Singh Nagar, Punjab 160055, India",Mohali,3.7,22,ChIJt84T2dDvDzkRgp3IjIYGAsA,google_maps,2026-08-04T16:16:34
Airai Technologies,airai.games,098771 50016,"Kailash Tower, F-177, Phase 8B, Industrial Area, Sector 74, Sahibzada Ajit Singh Nagar, Punjab 140308, India",Mohali,5,11,ChIJF6-ddcvvDzkRuX6fT5NW39k,google_maps,2026-08-04T16:16:34
A.K.A CONSTRUCTIONS,akaconstructions.in,075088 54525,"Plot no. 406 ,second floor, Sector 82, Sector 91, Sahibzada Ajit Singh Nagar, Punjab 140307, India",Mohali,4.8,59,ChIJry4JX6rvDzkRXgxqjcrsYvE,google_maps,2026-08-04T16:16:34
Akki Studios,akkistudios.com,086990 09948,"SCO 72, First Floor, Phase 2, Sector 54, Sahibzada Ajit Singh Nagar, Punjab 160055, India",Mohali,5,56,ChIJve_jQQruDzkRoOHZDnEJiUw,google_maps,2026-08-04T16:16:34
Aksh Digital Solutions,akshdigitalsolutions.com,097792 81128,"Plot No. 1296, Sector 80, Sahibzada Ajit Singh Nagar, Punjab 140308, India",Mohali,5,15,ChIJETnOJlHvDzkRvDwFpyqSdYk,google_maps,2026-08-04T16:16:34
Alakh Web Solutions,alakhweb.com,097814 88839,"Office No. 15, E-203, Phase 8B, Industrial Area, Sector 74, Sahibzada Ajit Singh Nagar, Punjab 140307, India",Mohali,4.6,32,ChIJ39M7H5PuDzkRleFUAEK57yw,google_maps,2026-08-04T16:16:34
Algowid Technologies,algowid.net,,"603, TOWER C, 8, SECTOR-88, Sahibzada Ajit Singh Nagar, Punjab 160062, India",Mohali,4.9,68,ChIJ8bIFtOXuDzkR5rhtZcr7bo4,google_maps,2026-08-04T16:16:34
Allsoft Solutions,allsoftsolutions.in,098765 27999,"E-39, Phase-8, Industrial Area, Sector -72, Phase-8, Industrial Area, Sahibzada Ajit Singh Nagar, Punjab 160071, India",Mohali,4.5,136,ChIJxzynGPfuDzkR-CyHsIQ8zWg,google_maps,2026-08-04T16:16:34
Selenium / Playwright / Rest Assured / Appium / Cypress/ CICD / Core Java / AI Models Automation Testing training,alphabetaops.com,085570 37939,"HL 570, 2nd Floor, Sunny Enclave, SCO 44, Phase 9, Sector 64, Sahibzada Ajit Singh Nagar, Punjab 160062, India",Mohali,4.9,50,ChIJv3_IvVrtDzkRmLDBF-sUrww,google_maps,2026-08-04T16:16:34
Alphanumeric Ideas,alphanumericideas.com,076968 55855,"368/1, Sec-2, Ward No.1 Mundi Kharar, Kharar, nr. Sunny Enclave, Sunny Enclave, Sahibzada Ajit Singh Nagar, Kharar, Punjab 140301, India",Mohali,4,45,ChIJM1fU0ebvDzkRaNlBcxlZyp8,google_maps,2026-08-04T16:16:34
AMBIKA SOFTWARE TECHNOLOGIES,ambikasoftwaretechnologies.com,083603 47878,"Shop no 712, 2nd Floor, Kesho Ram Complex, Burail, Sector 45C, Sector 45, Chandigarh, 160047, India",Mohali,3.6,10,ChIJw0aDAZPuDzkR3D6tkq3crSk,google_maps,2026-08-04T16:16:34
Amrit Web,amritweb.in,097796 58581,"4th Floor, Miran Tower, E-331, Phase 8B, Industrial Area, Sector 74, Sahibzada Ajit Singh Nagar, Punjab 140307, India",Mohali,4.9,66,ChIJUViGVwfvDzkRLlwUjIWKNY4,google_maps,2026-08-04T16:16:34
AMR Softec,amrsoftec.com,098889 40088,"D-151, Third Floor, Phase-8, Industrial Area, Sector 73, Sahibzada Ajit Singh Nagar, Punjab 160071, India",Mohali,4.9,27,ChIJxZ1C9cLvDzkREkaAyj7VZgw,google_maps,2026-08-04T16:16:34
Anahatt Technologies,anahatttechnologies.com,099151 69231,"Office 1, Level 3, Plot No 1356, Sector 82, JLPL Industrial Area, Punjab 140308, India",Mohali,4.8,11,ChIJy0oQWwDpDzkRVYfUgwZ0xv8,google_maps,2026-08-04T16:16:34
Anandhish Innovations And Technologies,anandhishtech.com,094669 09600,"chwonk, Sector 112, Landran, Sahibzada Ajit Singh Nagar, Punjab 140307, India",Mohali,5,45,ChIJqaKGVfXvDzkRO7IkZ1tqMzg,google_maps,2026-08-04T16:16:34
Appiesoft Web Solutions,appiesoftwebsolutions.com,098786 88681,"SCF 80 FF, Phase 11, Sector 65, Sahibzada Ajit Singh Nagar, Punjab 160062, India",Mohali,4.8,12,ChIJR-8uLITtDzkR0xsWeaw0K6Q,google_maps,2026-08-04T16:16:34
Applify,applify.co,076268 48484,"Applify Tech Private Limited, Unit 908-909, Bestech Towers, TOWER-B, Parkview Residence Colony, Sector 66, Sahibzada Ajit Singh Nagar, Punjab 160062, India",Mohali,4.4,92,ChIJAy0pVuDrDzkRul5h7Kug2h0,google_maps,2026-08-04T16:16:34
Apptechies,apptechies.com,,"Phase 8A, Teneil IT Tower, Industrial Area, Sector 75, Sahibzada Ajit Singh Nagar, Punjab 160062, India",Mohali,4.5,74,ChIJoxp1K-DvDzkRrLNZi3ZoSuM,google_maps,2026-08-04T16:16:34
AppTechProvider,apptechprovider.com,079018 12796,"SCO:4, 2nd Floor Sector 125, Sunny Enclave, Mohali Chandigarh, Jhungiyan, Kharar, Punjab 140301, India",Mohali,4.9,26,ChIJWVnA2_ldLUcRiSDu58FSJWY,google_maps,2026-08-04T16:16:34
APR Techno,aprtechno.com,088377 05079,"SCO 126-127, Sector 34A, Sector 34, Chandigarh, 160022, India",Mohali,5,29,ChIJ1ykoCcvtDzkRMEsGaupIv6k,google_maps,2026-08-04T16:16:34
ARTING DIGITAL,artingdigital.com,084274 18828,"2678, 1, 44C, Sector 44, Chandigarh, 160043, India",Mohali,4.4,7,ChIJecEkyNTtDzkRWTED0WO3gas,google_maps,2026-08-04T16:16:34
Ankush Desizns Studio,artstation.com,070094 36951,"1156, Sector 69, Sahibzada Ajit Singh Nagar, Punjab 160062, India",Mohali,4.9,110,ChIJGWzKd-yUDzkR4pLYLlMfOSQ,google_maps,2026-08-04T16:16:34
Ascella Software Labs,ascella.in,094599 40849,"District one, SCO 48, Sector 68, Sahibzada Ajit Singh Nagar, Punjab 160062, India",Mohali,5,64,ChIJbxevKGjvDzkRoUB6V7zE030,google_maps,2026-08-04T16:16:34
AD Software Solutions,askdeveloper.net,088920 37134,"623, Tower-A, Bestech Business Tower, Parkview Residence Colony, Sector 66, Sahibzada Ajit Singh Nagar, Punjab 160062, India",Mohali,5,15,ChIJVwbPDjTrDzkRNR0aPlagBZc,google_maps,2026-08-04T16:16:34
Auspicious Soft Pvt Ltd | Website & Mobile App Development Company in USA,auspicioussoft.com,070189 46603,"1st Floor, Flexi Tower, Plot Number E-288, Industrial Area, Sector 75, Sahibzada Ajit Singh Nagar, Punjab 160075, India",Mohali,4.5,85,ChIJ-XcVVPTuDzkRSGcTvpKzB3Y,google_maps,2026-08-04T16:16:34
Avaptech Solutions,avaptech.com,098887 88455,"SCF 38, 2nd & 3rd Floor, near PCA Stadium, Phase 10, Sector 64, Sahibzada Ajit Singh Nagar, Punjab 160062, India",Mohali,4.2,34,ChIJq6qq6vjrDzkRwMdapX29JCU,google_maps,2026-08-04T16:16:34
BayaTree Infocom,bayatree.com,0172 509 5740,"C-139, S.A.S. Nagar, Phase 8, Industrial Area Mohali, Sector 72, Mohali, C-139 Phase, 8, Phase-8, Industrial Area, Sahibzada Ajit Singh Nagar, Punjab 160071, India",Mohali,3.9,100,ChIJZVhJk_buDzkRddqIEH_mJcw,google_maps,2026-08-04T16:16:34
Beckon Delve,beckondelve.com,097800 10700,"1354, Sector 70, Sahibzada Ajit Singh Nagar, Punjab 160071, India",Mohali,3.9,44,ChIJk6qqqlfuDzkRHtK8u4pNVfE,google_maps,2026-08-04T16:16:34
Beetle Media Group- best digital marketing agency in Mohali,beetlemediagroup.com,086994 06221,"SCF-38, 2nd Floor, Phase 7, Sector 61, Sahibzada Ajit Singh Nagar, Punjab 160062, India",Mohali,4.8,5,ChIJwytQH4Z7tWQRby4POm95Ogo,google_maps,2026-08-04T16:16:34
Betasoft Solutions,betasoftsolutions.com,062399 96544,"Ofc 314 , Level 3, Bestech Business Tower, Parkview Residence Colony, Phase 11, Tarf Kumbra, Sahibzada Ajit Singh Nagar, Punjab 160062, India",Mohali,4.3,44,ChIJ733rvAbsDzkRhQpBMYv1MRk,google_maps,2026-08-04T16:16:34
Bhanguz Software Solutions,bhanguz.com,094654 34150,"1510 Sector 82India, Sector 82, JLPL Industrial Area, Sahibzada Ajit Singh Nagar, Punjab 140306, India",Mohali,4.1,48,ChIJAQAAAOHrDzkRb3mEecLylAw,google_maps,2026-08-04T16:16:34
Bizdesire,bizdesire.co,098760 40781,"World Tech 67 ITC 10, Sector 67, Sahibzada Ajit Singh Nagar, Punjab 160062, India",Mohali,4.8,42,ChIJl3umd5anFzkR6UXzg-5nV_M,google_maps,2026-08-04T16:16:34
Blink N Boost- Digital Marketing Company in Mohali,blinknboost.com,090341 31038,"82, Ground Floor, TDI City, 11, Sector 110, Sahibzada Ajit Singh Nagar, Punjab 140307, India",Mohali,4.8,13,ChIJ-YlXSb7vDzkR9tEDyVO7DUk,google_maps,2026-08-04T16:16:34
UTS Global,blogspot.com,085449 90173,"SCO No 679, Second Floor, Office No. F-7, opposite Government Elementary School, Sector 70, Sahibzada Ajit Singh Nagar, Punjab 160071, India",Mohali,4.8,4,ChIJ1_RAZuvvDzkR9tCjS27HbLk,google_maps,2026-08-04T16:16:34
Bonzer Web Solutions,bonzerwebsolutions.com,096251 36653,"Kesho Ram Complex, Burail, Ekta Market, Sector 45C, Sector 45, Chandigarh, 160047, India",Mohali,4.4,8,ChIJ0auCuEfsDzkRMEolzeh4ngE,google_maps,2026-08-04T16:16:34
Boxfy,boxfy.co,099150 06369,"SCO 64-65, Sector 34B, Sector 34, Chandigarh, 160022, India",Mohali,4.9,10,ChIJFZa3dKjtDzkRSlunuInGVko,google_maps,2026-08-04T16:16:34
BPO Convergence Pvt.Ltd Mohali,bpoc.in,084275 74174,"BPO Convergence Private Limited, Dibon Building, 5th Floor, IT Park, Plot Number-2, Sector 67, Sahibzada Ajit Singh Nagar, Punjab 160062, India",Mohali,4.4,25,ChIJP2k9mDIn00QRWKXMmFMadTA,google_maps,2026-08-04T16:16:34
Brain Birds Technologies | Web Development in Mohali,brainbirds.in,080542 25122,"#84, second floor, main road, Phase 5, Shahi Majra, Industrial Area, Sector 58, Sahibzada Ajit Singh Nagar, Punjab 160055, India",Mohali,5,23,ChIJzzeQaZLuDzkRUzYo2PprKeA,google_maps,2026-08-04T16:16:34
BrandArt,brandartsolutions.com,099889 96003,"H. No: 3196, IT City Rd, Sec 66 B, JLPL Industrial Area, Sahibzada Ajit Singh Nagar, Chachu Majra, Punjab 140306, India",Mohali,5,14,ChIJzw9lbi_rDzkRy731nvwmcCA,google_maps,2026-08-04T16:16:34
Brand Toniq,brandtoniq.com,099880 66099,"EP 92, Emaar, Sector 104, Sahibzada Ajit Singh Nagar, Punjab 140306, India",Mohali,5,20,ChIJuanE8i7pDzkRmHVUH3Y3GCY,google_maps,2026-08-04T16:16:34
Bridging Technologies,bridgingtech.com,085588 25708,"8th & 9th Floor, Zone-1, Site No: 252, Presidential Tower, CP 67, Sector 67, Sahibzada Ajit Singh Nagar, Punjab 160062, India",Mohali,4,136,ChIJ66qGaubtDzkRHx-l4T7VeFA,google_maps,2026-08-04T16:16:34
Bright Roots Software Solutions,brightroots.in,076964 07336,"Office Space on Rent E-302 Industrial Area, Industrial Area, Sector 75, Sahibzada Ajit Singh Nagar, Punjab 140307, India",Mohali,3.9,45,ChIJU8kyuwPvDzkROaAfR7SCBvg,google_maps,2026-08-04T16:16:34
Brilliantsweb Technologies,brilliantsweb.com,091073 33338,"E-260, B(A, Phase 8B, Industrial Area, Sector 74, Sahibzada Ajit Singh Nagar, Punjab 140307, India",Mohali,5,15,ChIJp81yTLDvDzkRWtC1eDSxgmo,google_maps,2026-08-04T16:16:34
Bringletech,bringletech.com,075069 84430,"First Floor, Debstarz Dubai Tower, D266A, Phase 8B, Industrial Area, Sector 74, Sahibzada Ajit Singh Nagar, Punjab 160055, India",Mohali,4.5,96,ChIJSQdGUADvDzkRC1U4FODkxbQ,google_maps,2026-08-04T16:16:34
BronzeByte IT Solutions,bronzebyte.com,077101 13366,"2nd Floor, F-427, Phase 8B, Industrial Area, Sector 91, Sahibzada Ajit Singh Nagar, Punjab 140307, India",Mohali,5,3,ChIJPSrnIlHvDzkRgDxpxYX3klo,google_maps,2026-08-04T16:16:34
Buster Apps Solutions,busterapps.com,084009 40046,"Ram Hari Tower, D-266, Phase 8B, Industrial Area, Sector 74, Sahibzada Ajit Singh Nagar, Punjab 160055, India",Mohali,5,57,ChIJiTfkBMXzDzkRkjwRQGjFTN0,google_maps,2026-08-04T16:16:34
Byteverse Technothink Solution,byteversetechnothink.com,089872 23150,"SCO NO 14, National Highway 21, Chandigarh Rd, Sector 126, Model Town, Daun Majra, Kharar, Punjab 140301, India",Mohali,4.6,8,ChIJrWdN4tLvDzkR1_z-IBlcPAM,google_maps,2026-08-04T16:16:34
Callidora Technology,callidoratechnology.com,099155 21444,"SCO 12, Industrial Area, Industrial Area Mohali Phase 9, Sahibzada Ajit Singh Nagar, Punjab 160062, India",Mohali,5,19,ChIJkZMEE3ntDzkR1oLZDuX7ZSs,google_maps,2026-08-04T16:16:34
Career Solution Technology,careersolutiontechnology.com,095308 00544,"3rd floor, OZI Gym Building, C-127, Phase-8, Industrial Area, Sector 73, Sahibzada Ajit Singh Nagar, Punjab 160071, India",Mohali,4.7,13,ChIJgfw21rbvDzkRzSwhQ6npySU,google_maps,2026-08-04T16:16:34
Caresort Solutions,caresortsolutions.com,0172 509 5099,"C-86 Pannu Tower, Phase 7, Industrial Area, Sector 74, Sahibzada Ajit Singh Nagar, Punjab 160055, India",Mohali,4.4,52,ChIJXfMiWRDvDzkR-AOaJvWsoDQ,google_maps,2026-08-04T16:16:34
Carvia Technologies,carvia.tech,078140 58315,"H.No. 927, Sector 80, Sahibzada Ajit Singh Nagar, Punjab 140308, India",Mohali,3.7,3,ChIJ38gg5IbvDzkR4SPD7WVeMv0,google_maps,2026-08-04T16:16:34
Chandigarh IT Solutions,chandigarhitsolutions.com,076962 66921,"2570, Sector 24C, Sector 24, Chandigarh, 160023, India",Mohali,5,120,ChIJ7eN0YETtDzkRihfRjANMMio,google_maps,2026-08-04T16:16:34
ChicMic Studios,chicmicstudios.in,,"F-273, Phase 8B, Industrial Area, Sector 74, Sahibzada Ajit Singh Nagar, Punjab 140307, India",Mohali,4.3,181,ChIJSy_nza3vDzkR9s04QzeY7n0,google_maps,2026-08-04T16:16:34
City Ultimate Business Marketing,cityultimate.com,062837 81389,"44B, Sector 44, Chandigarh, 160043, India",Mohali,5,11,ChIJA9r5jPXtDzkRf8CQOU7IUIo,google_maps,2026-08-04T16:16:34
Cloud Analogy,cloudanalogy.com,0120 414 7360,"Ground Floor, Plot No, ITC-09, Netsmartz Square, IT Park, near MC office, Sector 67, Sahibzada Ajit Singh Nagar, Punjab 160062, India",Mohali,3.8,18,ChIJlcOkLQjvDzkRxF3GbnZD-4c,google_maps,2026-08-04T16:16:34
Cloudcapstone,cloudcapstone.com,077104 37287,"SCO- 48, Sector 124, Sunny Enclave, Kharar, Sahibzada Ajit Singh Nagar, Punjab 140301, India",Mohali,4.4,27,ChIJs0Z8bHnuDzkRBh8Rsak1kQM,google_maps,2026-08-04T16:16:34
CodeGenus Software Solutions,codegenus.com,,"First Floor, Plot No D133C (Manchanda Tower, Phase 7, Industrial Area, Sector 73, Sahibzada Ajit Singh Nagar, Punjab 160055, India",Mohali,5,13,ChIJM6bJrDvvDzkRLSyrql-UXNM,google_maps,2026-08-04T16:16:34
Code Inc Solutions,codeincsolutions.com,076579 06598,"SCF-47, Phase 7, Industrial Area, Sector 73, Sahibzada Ajit Singh Nagar, Punjab 160055, India",Mohali,4.7,22,ChIJ6T_6DC_tDzkRiX0lawIv99I,google_maps,2026-08-04T16:16:34
Codereborn,codereborn.com,090235 17423,"sco 144,145 4th floor, Sector 34B, Sector 34, Chandigarh, 160022, India",Mohali,5,34,ChIJJZhqlkLtDzkRLXlOA6ej_f4,google_maps,2026-08-04T16:16:34
Codesoftic Tech,codesoftic.com,099990 61692,"Office No 306, Tower-A, Bestech Business Tower, Parkview Residence Colony, Sector 66, Sahibzada Ajit Singh Nagar, Punjab 160066, India",Mohali,5,35,ChIJKYD8K-ntDzkREedAeL_909E,google_maps,2026-08-04T16:16:34
CodingCafe,codingcafe.website,062394 10472,"F-316, Phase 8B, Industrial Area, Sector 74, Sahibzada Ajit Singh Nagar, Punjab 140307, India",Mohali,5,91,ChIJFzhgp9WVDzkRUDBRguvPByI,google_maps,2026-08-04T16:16:34
Codmi Technologies,codmitechnologies.com,062067 39946,"Corporate Greens, E-299, Industrial Area, Sector 75, Sahibzada Ajit Singh Nagar, Punjab 140307, India",Mohali,4.3,15,ChIJQT5Vz_TvDzkRZfpYzOqm3U8,google_maps,2026-08-04T16:16:34
Codobux IT Services,codobux.com,0172 508 7346,"Plot No. A‐45 Quark Atrium, Phase 8B, Industrial Area, Sector 74, Sahibzada Ajit Singh Nagar, Punjab 140307, India",Mohali,4.3,76,ChIJCWoOTYLvDzkRe27pSliGQ38,google_maps,2026-08-04T16:16:34
Cogniter Technologies,cogniter.com,0172 262 0353,"SCO-353-355, Second floor, Sector 34A, Sector 34, Chandigarh, 160022, India",Mohali,4,124,ChIJ9cpDbLLtDzkR9r4Fbl2SR4Y,google_maps,2026-08-04T16:16:34
Coli Spaces Co-ed Hostel in Mohali Sector 74/92,colispaces.com,,"Coli Spaces, Sector 74/92, opp. Acme Heights 92, near White City, Chapar Chiri Kalan, Sahibzada Ajit Singh Nagar, Punjab 140307, India",Mohali,4.3,15,ChIJzeMNx5XvDzkRoFVNUGpylzI,google_maps,2026-08-04T16:16:34
Compac Technologies India Limited Mohali,compactech.co.in,0172 464 0332,"Plot No. 409, Industrial Area, Industrial Area Mohali Phase 9, Sahibzada Ajit Singh Nagar, Punjab 160062, India",Mohali,4.3,14,ChIJy_9JX5LsDzkRyRWbh1qqYuk,google_maps,2026-08-04T16:16:34
Competent Groove - Software Company in Mohali,competentgroove.com,090417 79797,"C157 Phase, 7, Industrial Area, Sector 73, Sahibzada Ajit Singh Nagar, Punjab 160055, India",Mohali,4.2,73,ChIJ-4p2olfuDzkR8DV5egHblJQ,google_maps,2026-08-04T16:16:34
Conjoinix Total Solutions,conjoinix.com,,"303, SCO 148-149, Sector 34B, Sector 34, Chandigarh, 160022, India",Mohali,4.5,17,ChIJ05dLrHLtDzkRcp72jdkp4HQ,google_maps,2026-08-04T16:16:34
Covalience India,covalience.io,0172 460 5940,"Sebiz Square 4th Floor C6 It Park, Sector 67, Sahibzada Ajit Singh Nagar, Punjab 160062, India",Mohali,4.8,17,ChIJE6CjTq_uDzkRP6RWhYtJtGE,google_maps,2026-08-04T16:16:34
Creative Junkyard Web & Graphic Design,creativejunkyard.in,098880 24599,"3022, Near, Market, 35A, Sector 35, Chandigarh, 160022, India",Mohali,4.9,54,ChIJVx5znMntDzkRwYD0REX1H7s,google_maps,2026-08-04T16:16:34
Creed Info Tech,creedinfotech.com,090564 56788,"Netsmartz center, 5th Floor Plot No, ITC-07, IT Park, Sector 67, Sahibzada Ajit Singh Nagar, Punjab 160062, India",Mohali,4,187,ChIJk4C2_1buDzkR7JDTBEz3eL4,google_maps,2026-08-04T16:16:34
Crestbell,crestbell.com,,"2nd Floor, sco 218-219, Sector 34B, Sector 34, Chandigarh, 160022, India",Mohali,4.7,19,ChIJ6ZE3XK3tDzkREHt-TICvntg,google_maps,2026-08-04T16:16:34
CR IT'S,critservicesinc.com,081466 54030,"SCO-688,2nd & 3rd Floor, Sector 70, Sahibzada Ajit Singh Nagar, Punjab 160071, India",Mohali,4.8,20,ChIJWUy1L5TuDzkRgeeQDGituy8,google_maps,2026-08-04T16:16:34
Cyberlink Digital - Best Digital Marketing Agency in Mohali,cyberlinkdigital.com,097795 29491,"Tower D1, Sandwoods Opulencia, Sector 110, Sahibzada Ajit Singh Nagar, Punjab 140307, India",Mohali,5,13,ChIJPx5YN6KHZ6cR8V_5kVDk95M,google_maps,2026-08-04T16:16:34
Cybertron Technologies,cybertrontechnologies.com,0172 461 7467,"SCF 39, Top Floor,, Phase 3B2, Phase 3B-2, Sector 60, Sahibzada Ajit Singh Nagar, Punjab 160059, India",Mohali,4,43,ChIJR0yKTojuDzkR9oSg-BPxlC4,google_maps,2026-08-04T16:16:34
CYBERZENIX,cyberzenix.com,076964 80976,"SCO 107-108-109, 2nd Floor, Sector 34A, Sector 34, Chandigarh, 160022, India",Mohali,4.9,139,ChIJ6_kfkb_tDzkRnfmweB-Ztk0,google_maps,2026-08-04T16:16:34
Cybrain Software Solutions,cybrain.co.in,0172 505 3958,"Plot E 48, Phase-8, Industrial Area, Sahibzada Ajit Singh Nagar, Punjab 160059, India",Mohali,4.7,86,ChIJD2B3alnuDzkR5wwncyOG_2A,google_maps,2026-08-04T16:16:34
Dartech Solutions,dartechsolutions.com,099889 96878,"13, Second Floor, Quiet Offices No. 1 - 8, Sector 35A, 35A, Sector 35, Chandigarh, 160022, India",Mohali,5,53,ChIJg50EnhztDzkRAKIjdP7DhYY,google_maps,2026-08-04T16:16:34
DataCouch,datacouch.io,070603 77388,"1012, 10th floor, Imperial Tower, CP67, Airport Road, Sector 67, Sahibzada Ajit Singh Nagar, Punjab 160062, India",Mohali,4.9,93,ChIJo6j7QlLvDzkRnWHCEfoKDN8,google_maps,2026-08-04T16:16:34
Dbug Lab,dbuglab.com,080773 91728,"S.C.F - 23, 3rd Floor, Phase 5, Sector 59, Sahibzada Ajit Singh Nagar, Punjab 160059, India",Mohali,5,27,ChIJLe4hWqzvDzkRM8oMNHSsnds,google_maps,2026-08-04T16:16:34
Decora Soft,decorasoft.com,085912 13003,"Kendriya Vihar Rd Number 1, Sector-125, Sunny Enclave, Kharar, Punjab 140301, India",Mohali,5,43,ChIJfZ-kw4rxDzkRIMbCnuKsFzM,google_maps,2026-08-04T16:16:34
Delta4 Infotech,delta4infotech.com,076963 72504,"F 126, Phase 7, Industrial Area, Sector 73, Sahibzada Ajit Singh Nagar, Punjab 160055, India",Mohali,4.9,46,ChIJ-_LuNorvDzkRmRC-dJA2P18,google_maps,2026-08-04T16:16:34
DesignersX,designersx.us,095926 00646,"575c, 2nd Floor, Sector 82, Industrial Area, JLPL Industrial Area, Sahibzada Ajit Singh Nagar, Punjab 140306, India",Mohali,4.6,94,ChIJd3EFGljpDzkR3IbszpZoTYA,google_maps,2026-08-04T16:16:34
Designing solutions,designingsolutions.co.in,090230 99111,"Fifth floor, Bestech Business Tower, B-505-506 514-515, Parkview Residence Colony, Sector 66, Sahibzada Ajit Singh Nagar, Punjab 160062, India",Mohali,4.3,42,ChIJ____vwHsDzkRQ1AD9srfGQY,google_maps,2026-08-04T16:16:34
Design Nook,designook.in,073411 09977,"CPM 09, 2nd LEVEL, CENTRAL PLAZA, EMAAR MGF - The Views, Emaar MGF Mohali Sector 105, Sahibzada Ajit Singh Nagar, Punjab 140307, India",Mohali,4.5,31,ChIJCRDMWgDpDzkRztE7bbTRwGM,google_maps,2026-08-04T16:16:34
Designsvisions - Graphic Design Training Center,designsvisions.com,06284 445 891,"2nd floor, CITY HEART, SCO-74C, near City Printers, Janta Nagar, Kharar, Punjab 140301, India",Mohali,4.6,77,ChIJnalwjv_uDzkRE2-B4zz5OzA,google_maps,2026-08-04T16:16:34
DevelopTech IT Solutions,develop-tech.com,097801 31208,"#401, 4th floor, Bestech Business Tower, Mohali Bypassm, Sector, - 66, Industrial Area, Industrial Area Mohali Phase 9, Sahibzada Ajit Singh Nagar, Punjab 160062, India",Mohali,3.4,28,ChIJl___CwfsDzkR9F6JlYO28Zc,google_maps,2026-08-04T16:16:34
Developer Gang - Website Development Company Chandigarh,developergang.com,098880 14801,"1544, Aashirwad Complex, Burail, Sector 45C, Sector 45, Chandigarh, 160047, India",Mohali,4.7,16,ChIJP7tWUyrtDzkRehruuEqVtT0,google_maps,2026-08-04T16:16:34
Develop N Designs,developndesigns.com,098884 96895,"SCO-11A, Phase 5, Industrial Area, Sector 59, Sahibzada Ajit Singh Nagar, Punjab 160055, India",Mohali,4.7,15,ChIJq6qqqvPuDzkRitwA3aNEkOE,google_maps,2026-08-04T16:16:34
Devex Hub,devexhub.com,098759 05952,"GR Square, 4th Floor, Plot No. D-254, 8A, Industrial Area, Sector 75, Sahibzada Ajit Singh Nagar, Punjab 160071, India",Mohali,4.7,74,ChIJ0RfUbRLsDzkRBCGZamtS09s,google_maps,2026-08-04T16:16:34
Devherds,devherds.com,077107 30009,"Prosperity Square, D-185, Phase 8B, Industrial Area, Sector 74, Sahibzada Ajit Singh Nagar, Punjab 140307, India",Mohali,4.6,22,ChIJe8eVR2LvDzkR8dbDDxoqqmc,google_maps,2026-08-04T16:16:34
Digify Leads,digifyleads.com,081469 92270,"3rd Floor, SCF 54, above British Career Group, Phase 7, Sector 61, Sahibzada Ajit Singh Nagar, Punjab 160061, India",Mohali,4.9,135,ChIJfUCjP-3vDzkRmlonx0liQfU,google_maps,2026-08-04T16:16:34
DigiTech BPM Mohali,digitechbpo.com,,"Competent House, C-157, Phase 7, Industrial Area, Sector 73, Sahibzada Ajit Singh Nagar, Punjab 160055, India",Mohali,2.9,14,ChIJIbe9SWzvDzkRrkRKZVj9xWQ,google_maps,2026-08-04T16:16:34
DigiWolves - Digital Marketing Agency Chandigarh and Mohali,digiwolves.com,076588 24741,"TOWER-B, Bestech Business Center, B-905, Parkview Residence Colony, Tarf Kumbra, Sahibzada Ajit Singh Nagar, Punjab 160066, India",Mohali,5,30,ChIJo5ZYSMnvDzkRZBb94NfdgEc,google_maps,2026-08-04T16:16:34
Div Info System,divinfosystem.in,076961 62354,"Second Floor, SCO 209, Sector 36-D, Sector 36, Chandigarh, 160036, India",Mohali,5,34,ChIJZVNOflXtDzkRV_858gRuhPk,google_maps,2026-08-04T16:16:34
DK Web Solution,dkwebsolution.in,098550 18229,"1533, Burail, Burail Village, Sector 45, Chandigarh, 160047, India",Mohali,5,10,ChIJ39D4vnvtDzkR_gs9mBEayxY,google_maps,2026-08-04T16:16:34
Dovelp,dovelp.com,070428 70395,"Tdi Business Centre, Sector 118, Sahibzada Ajit Singh Nagar, Punjab 160055, India",Mohali,4.4,14,ChIJk8XkEHzvDzkR96ORRjUl4e0,google_maps,2026-08-04T16:16:34
Dr ITM Mohali,dritm.com,,"IT Park, Plot No: 4, Sector 67, Sahibzada Ajit Singh Nagar, Punjab 160062, India",Mohali,3.4,117,ChIJr2OhTwDvDzkRlDEbzOf44cI,google_maps,2026-08-04T16:16:34
"DTDC DOMESTIC,& INTERNATIONAL COURIER SERVICES LANDRA MOHALI PB",dtdc.com,090561 72904,"front of taste of Punjab restaurant, Kharar - Landran Rd, near Indian oil petrol pump, Sahibzada Ajit Singh Nagar, Punjab 140307, India",Mohali,4.4,13,ChIJmXGoTVHvDzkR6j1Zij_fdyc,google_maps,2026-08-04T16:16:34
"Dzimark - Building Custom Websites, Apps, and AI Solutions for Every Industry",dzimark.com,090239 03007,"F338, 4th, OFFICE, 401, Phase 8B, Industrial Area, Sector 74, Sahibzada Ajit Singh Nagar, Punjab 160055, India",Mohali,5,56,ChIJxUfWz-nvDzkRrd5wCITS4g0,google_maps,2026-08-04T16:16:34
E2E Digitech,e2edigitech.com,098150 09722,"Bestech Business Tower, A-610, Parkview Residence Colony, Sector 66, Sahibzada Ajit Singh Nagar, Punjab 160062, India",Mohali,4.6,126,ChIJ5eoKFXfrDzkRAaFNDJwB90s,google_maps,2026-08-04T16:16:34
MLM Software Development in Mohali - Easy MLM Plans,easymlmplans.com,076962 63113,"Papri Rd, Airport Road, Sahibzada Ajit Singh Nagar, Punjab 140306, India",Mohali,4.9,86,ChIJ19gWGPTrDzkR6nOqLOo9QG0,google_maps,2026-08-04T16:16:34
Edifecs Technologies,edifecs.com,0172 666 1900,"Edifecs Technologies Private Limited IT C, 7, Netsmartz Centre, Sector 67, Sahibzada Ajit Singh Nagar, Punjab 160062, India",Mohali,4.7,125,ChIJC51wYK_uDzkRD1VnrxHCB68,google_maps,2026-08-04T16:16:34
Ennoble Infotech,ennobleinfotech.com,086996 58381,"4th Floor, Tower-A, Bestech Business Tower, 402, Parkview Residence Colony, Sector 66, Sahibzada Ajit Singh Nagar, Punjab 160062, India",Mohali,4.8,18,ChIJd16kDEyTDzkRAP4EbX0RqMw,google_maps,2026-08-04T16:16:34
EPL Edutech,epl.in,070371 23456,"SCO 97, 45D, Sector 44, Chandigarh, 160043, India",Mohali,4.5,11,ChIJs6sxHQTsDzkR6Ej5W-u-xbQ,google_maps,2026-08-04T16:16:34
Euriq Technologies,euriq.com,078890 87449,"Sector 46D, Sector 46, Chandigarh, 160047, India",Mohali,4.9,131,ChIJlz_8cO_tDzkRsSrPZCKaDiU,google_maps,2026-08-04T16:16:34
Evervent,evervent.in,,"4th Floor, Plot No .341, Industrial Area, Industrial Area Mohali Phase 9, Sahibzada Ajit Singh Nagar, Punjab 160062, India",Mohali,3.6,35,ChIJz9vppb_tDzkRs_sT-hH2Bl0,google_maps,2026-08-04T16:16:34
Executive Ship Management,executiveship.com,0160 666 7777,"CVU-1 Central Plaza, EMAAR MGF,, Sector 105, Mohali Hills, Banur Landran Road,, Emaar MGF Mohali Sector 105, Greater Mohali, Sahibzada Ajit Singh Nagar, Punjab 140306, India",Mohali,4.1,146,ChIJ____z7XtDzkRXoLjpiChORg,google_maps,2026-08-04T16:16:34
Expobiz IT Solutions,expobizitsolutions.com,062396 40884,"F-95, Mohali,, Phase 7, Industrial Area, Sector 74, Sahibzada Ajit Singh Nagar, Punjab 160055, India",Mohali,3.8,54,ChIJ3TPemlnuDzkRvmbVneOrB78,google_maps,2026-08-04T16:16:34
Extech Digital,extechdigital.in,093177 88822,"C-133, First Floor, Phase-8, Industrial Area, Sector 73, Sahibzada Ajit Singh Nagar, Punjab 160071, India",Mohali,4.7,25,ChIJP0fDWi7vDzkR539O9yFkk7o,google_maps,2026-08-04T16:16:34
PRCC Career Makerz,fb.com,083860 00050,"Non-Visit Shop, Tower Number J1, Emaar The Views, Emaar MGF Mohali Sector 105, Sector 105, Sahibzada Ajit Singh Nagar, Punjab 140306, India",Mohali,4.9,51,ChIJVQiez8rpDzkRTIbf04kZ6NI,google_maps,2026-08-04T16:16:34
Ficode Software Solutions,ficode.com,0172 406 1963,"Bestech Business Tower, B-703, Parkview Residence Colony, Sector 66, Sahibzada Ajit Singh Nagar, Punjab 160062, India",Mohali,3.7,46,ChIJ9WQIpQbsDzkRP3MmvYsryOY,google_maps,2026-08-04T16:16:34
Myastro Store,firstrankseo.net,077079 19789,"#718 part1, Phase, 7, Sector 61, Sahibzada Ajit Singh Nagar, Punjab 160062, India",Mohali,4.8,10,ChIJQxhzCsPvDzkRyppLC9PAObo,google_maps,2026-08-04T16:16:34
FIS Mohali,fisglobal.com,0172 331 9700,"Sector 75, Industrial Area, Sector 75, Sahibzada Ajit Singh Nagar, Punjab 140307, India",Mohali,4.6,174,ChIJWZwgrv7uDzkR3xP5mr7kr7Q,google_maps,2026-08-04T16:16:34
"Freelance web designer in Chandigarh, India",freelancewebdesignerindia.in,098880 24599,"482, Street No.2, Phase 3B-1, Sector 60, Sahibzada Ajit Singh Nagar, Punjab 160059, India",Mohali,4.7,21,ChIJ2bEsfX3uDzkRPWEpk6DSPxQ,google_maps,2026-08-04T16:16:34
FumingTech,fumingtech.in,098780 49878,"3325A, near police Station, Sector 24D, Sector 24, Chandigarh, 160023, India",Mohali,5,3,ChIJObCIecntDzkRhoTCYH83718,google_maps,2026-08-04T16:16:34
Future IT Touch,futuretouch.in,070569 37000,"2nd Floor, Sco No 54-55, near Mukat Hospital, Sector 34A, Sector 34, Chandigarh, 160022, India",Mohali,4.9,92,ChIJSVD7Y4mDGjkRSnZM3ca4iEE,google_maps,2026-08-04T16:16:34
Fxunique.com,fxunique.com,098720 76307,"853, Phase 3B-1, Sector 60, Sahibzada Ajit Singh Nagar, Punjab 160059, India",Mohali,5,27,ChIJ15_aj5_uDzkRL49tEDWTiJQ,google_maps,2026-08-04T16:16:34
Ghrix,ghrix.com,098727 10928,"F.F, Phase VII, E-159, Industrial Area, Sector 73, Sahibzada Ajit Singh Nagar, Punjab 160055, India",Mohali,5,25,ChIJdyfGnFnuDzkRwmvQclVjlxg,google_maps,2026-08-04T16:16:34
Glint Hive Creations,glinthivecreations.com,095011 03113,"1st Floor, TDI City, SCO 29, Sector 110, Sahibzada Ajit Singh Nagar, Punjab 140307, India",Mohali,4.9,51,ChIJlSgkeTzmmosR-tV3PZnVRSI,google_maps,2026-08-04T16:16:34
Gmware,gmware.com,0172 418 8860,"3rd Floor, TOWER-B, Bestech Business Tower, B-303, Parkview Residence Colony, Sector 66, Sahibzada Ajit Singh Nagar, Punjab 160066, India",Mohali,4.1,79,ChIJ11pNwarvDzkROSEVgh1jHRk,google_maps,2026-08-04T16:16:34
ByteCode Technologies,gobytecode.com,0172 412 0966,"World TECH 67 ITC 10, Sector 67, Sahibzada Ajit Singh Nagar, Punjab 160062, India",Mohali,4.3,37,ChIJaXXXvarvDzkRhG4K82J2E2M,google_maps,2026-08-04T16:16:34
Tprint Custom T-Shirts Wholesaler & Manufacturer | Mohali Chandigarh,google.com,098103 59316,"Tdi City, Sector 111, Sahibzada Ajit Singh Nagar, Punjab 140307, India",Mohali,4.9,15,ChIJp_thzzsFDTkRd0s7GHktvEg,google_maps,2026-08-04T16:16:34
Graph Technologies - Google Partner Agency,graphtechnologies.com,095401 57555,"CPM 20-A1, The Mohali Hills, Central Plaza, F0220, Emaar MGF Mohali Sector 105, Sahibzada Ajit Singh Nagar, Punjab 140306, India",Mohali,4.4,7,ChIJcQXdkKrpDzkRsIJBNYXCa40,google_maps,2026-08-04T16:16:34
Group Kingdoms,groupkingdomswebsolution.com,062808 98396,"16, 1st Floor, SCF, Phase 2, Sector 54, Sahibzada Ajit Singh Nagar, Punjab 160055, India",Mohali,5,5,ChIJIX63c3XvDzkREU-e8nlQxX4,google_maps,2026-08-04T16:16:34
Growtrix Technologies,growtrixtechnologies.com,098056 47008,"114, gurnaz homes, Shahi Majra, Industrial Area, Sector 58, Sahibzada Ajit Singh Nagar, Punjab 160055, India",Mohali,5,51,ChIJ5Z4mhbXvDzkRwHO-SAqebHE,google_maps,2026-08-04T16:16:34
G S Bitlaabs,gsbitlaabs.com,098728 49966,"BMM, Plot No 299, Sahibzada Ajit Singh Nagar, Punjab 160055, India",Mohali,4.6,13,ChIJFxFAXo7uDzkRXcefsNBJ7rc,google_maps,2026-08-04T16:16:34
Hardkore Tech - Best IT company in Mohali,hardkore.tech,076965 44935,"2nd Floor, TDI Golf Link Market, SCO 1212, Sector 118, Sahibzada Ajit Singh Nagar, Punjab 140307, India",Mohali,5,11,ChIJa1XW9QTvDzkR-qkXeEIownI,google_maps,2026-08-04T16:16:34
Hash Software,hashsoftware.com,090565 59922,"505, Second Floor, TDI TAJ PLAZA, Airport Rd, Sector 118, Sahibzada Ajit Singh Nagar, Punjab 140307, India",Mohali,4.1,26,ChIJ3f__P_buDzkRCW5whCpXlwk,google_maps,2026-08-04T16:16:34
Himsofts,himsofts.com,094645 54439,"1753 A, Phase 10, Sector 64, Sahibzada Ajit Singh Nagar, Punjab 160062, India",Mohali,5,18,ChIJYQ5KSaTtDzkRyv5o4O_yM9A,google_maps,2026-08-04T16:16:34
HI-TECHSOFT CONSULTANCY SERVICES,hitechsoft.in,098888 88565,"SCF 53, Phase 10, Sector 64, Sahibzada Ajit Singh Nagar, Punjab 160062, India",Mohali,4.7,54,ChIJOzVkmxvsDzkR5WPxTLJxSpk,google_maps,2026-08-04T16:16:34
HMV Technologies,hmvtechnologies.com,090560 55400,"3RD Floor, NP Tower, F 464, Phase 8B, Sector 74, Sahibzada Ajit Singh Nagar, Punjab 140307, India",Mohali,5,58,ChIJBzM0ukvvDzkRuIMC3RLZ8Xs,google_maps,2026-08-04T16:16:34
Hoftrix Technologies,hoftrix.com,097970 31229,"0, 7103, Sector 125, Sunny Enclave, Kharar, Punjab 140301, India",Mohali,4.2,23,ChIJe179ZkkPFCARQNYP-HlJWcY,google_maps,2026-08-04T16:16:34
HOKIS SOLUTIONS,hokissolutions.com,088470 36041,"SCO - 105 First Floor Preet City Sector 86, Sahibzada Ajit Singh Nagar, Punjab 140308, India",Mohali,5,65,ChIJ06-V0GvtDzkR-opLC-0pImw,google_maps,2026-08-04T16:16:34
HT Logics,htlogics.com,096465 94291,"CITY HEART, Janta Nagar, Kharar, Punjab 140301, India",Mohali,4.9,56,ChIJzdKDdHDxDzkRlBfI8LE-9yk,google_maps,2026-08-04T16:16:34
iART Technologies,iarttechnologies.com,099148 51312,"Second Floor, Model Town Market, SCO - 13, Sector 126, Greater Mohali, Model Town, Sahibzada Ajit Singh Nagar, Punjab 140301, India",Mohali,5,6,ChIJBcZ1uAfvDzkRjeUEn6VITfk,google_maps,2026-08-04T16:16:34
Idea Usher,ideausher.com,094634 07140,"SCF-98, Phase 11, Sector 65, Sahibzada Ajit Singh Nagar, Punjab 160062, India",Mohali,4.3,82,ChIJ7Ye9hjPtDzkRmp2w6dVeIfY,google_maps,2026-08-04T16:16:34
Ideio Soft,ideiosoft.com,079737 31716,"Ground Floor, AB Tower, F-383, Phase 8B, Industrial Area, Sector 74, Sahibzada Ajit Singh Nagar, Punjab 140307, India",Mohali,4.6,42,ChIJCUqLfWPvDzkRaNkbLMJjC1I,google_maps,2026-08-04T16:16:34
Imminent Softwares - IT Solutions Company,imminentsoftwares.com,062830 09504,"Plot No. F 26, First Floor, Phase-8, Industrial Area, Sector 73, Sahibzada Ajit Singh Nagar, Punjab 160071, India",Mohali,4.1,27,ChIJuwG95_XuDzkRh1bfCx3XTgc,google_maps,2026-08-04T16:16:34
India Web Design,indiawebdesign.org,06284 405 690,"1642, Burail, Burail Village, Sector 45, Chandigarh, 160047, India",Mohali,5,5,ChIJa3kndLztDzkR2nwDFU5aO6Q,google_maps,2026-08-04T16:16:34
India Web wide,indiawebwide.com,098726 68896,"PP95+HPH, Phase 5, Industrial Area, Sector 59, Sahibzada Ajit Singh Nagar, Punjab 160059, India",Mohali,4.4,34,ChIJTTr4jvbuDzkRNGcZCY06l-E,google_maps,2026-08-04T16:16:34
Indivar Software Solutions,indivar.com,0172 460 5989,"Bus Stand, C-15, Phase 1, Industrial Area Phase I, Sector 57, near, Sahibzada Ajit Singh Nagar, Punjab 160055, India",Mohali,4.4,58,ChIJx-r2sUbuDzkRrbDxfDu-MOw,google_maps,2026-08-04T16:16:34
i-Next Web Technologies,inextwebtechnologies.com,0172 401 4455,"SCO 58-59, First Floor, Sector 34A, Sector 34, Chandigarh, 160022, India",Mohali,4.5,68,ChIJ1Qy-863tDzkRR5ojsAtmfeM,google_maps,2026-08-04T16:16:34
InfiLogix Mohali,infilogix.com,079735 12641,"Veer Ji Tower, E-257, Phase 8B, Industrial Area, Sector 74, Sahibzada Ajit Singh Nagar, Punjab 140307, India",Mohali,5,8,ChIJUaP5qKrvDzkR7lqc3gHOMXs,google_maps,2026-08-04T16:16:34
Information Sandy,informationsandy.com,095011 99910,"SCO 134-35-36, 2nd Floor, Sector 34A, Sector 34, Chandigarh, 160022, India",Mohali,5,17,ChIJ6SozovPtDzkRtIcIPUGjGAs,google_maps,2026-08-04T16:16:34
Infyras,infyras.com,090416 78957,"Major's Tower, F-470, Sector 110, Sahibzada Ajit Singh Nagar, Punjab 160055, India",Mohali,5,3,ChIJFRd8y_9HzyERxcdfauCZ4x4,google_maps,2026-08-04T16:16:34
InfySmartz,infysmartz.com,093197 05189,"Sector 91, Sahibzada Ajit Singh Nagar, Punjab 140307, India",Mohali,4.9,16,ChIJi7n7r4jvDzkRWdLkAWB1dxE,google_maps,2026-08-04T16:16:34
Ingenious Hi-Tech,ingenioushitech.com,097815 45794,"PM6R+G3R, Plot no - F250, Phase 8B, Industrial Area, Sector 74, Sahibzada Ajit Singh Nagar, Punjab 140307, India",Mohali,5,30,ChIJdwnQ2kXvDzkRLFwMQPXRPvE,google_maps,2026-08-04T16:16:34
Ink Web Solutions,inkwebsolutions.com,098154 55397,"1153, Phase 3B2, Sector 60, Sahibzada Ajit Singh Nagar, Punjab 160059, India",Mohali,4.9,97,ChIJD9Ee5ojuDzkRJPANTDScLXw,google_maps,2026-08-04T16:16:34
Innocrede solutions,innocredesolutions.com,070816 07065,"1st Floor, ACIC Rise, CGC, Sector 112, Landran, Sahibzada Ajit Singh Nagar, Punjab 140307, India",Mohali,4.8,47,ChIJjdhZKhrvDzkR4bkX_Z99hwQ,google_maps,2026-08-04T16:16:34
Innow8 Apps,innow8apps.com,098888 86602,"2nd Floor, Plot No. 1984, Sector 82, JLPL Industrial Area, Punjab 140306, India",Mohali,4.7,39,ChIJj6xbRA3tDzkRQmRXqTyeiG0,google_maps,2026-08-04T16:16:34
Inovsy,inovsy.com,085804 81966,"669 Second floor, near Silvi Park, Phase 10, Sector 64, Sahibzada Ajit Singh Nagar, Punjab 160062, India",Mohali,5,89,ChIJW7QPdLJCr6YRFhQfdri9Ndk,google_maps,2026-08-04T16:16:34
Inqsys Technologies,inqsys.com,,"F126, Balaji Tower, 3rd Floor, Phase 7, Industrial Area, Sector 73, Sahibzada Ajit Singh Nagar, Punjab 160055, India",Mohali,5,19,ChIJFY7wvQPvDzkRSZPJOq6Y2l0,google_maps,2026-08-04T16:16:34
Inspiril Media,inspirilmedia.com,,"First & Second Floor, SCO 72, Sector 90, Sector 91, Sahibzada Ajit Singh Nagar, Punjab 140307, India",Mohali,4.9,15,ChIJJR1-XMPvDzkRiRn2I3Nw-c8,google_maps,2026-08-04T16:16:34
White City 2,instagram.com,087096 93121,"Banda Singh Bahadur Marg, Sahibzada Ajit Singh Nagar, Punjab 140307, India",Mohali,4.5,18,ChIJG-9MwaTvDzkRvqsk6p16PYc,google_maps,2026-08-04T16:16:34
Intellectual Monks,intellectualmonks.com,082840 73440,"SCO 36, First floor, Cabin No. 5, near Punjabi and Sind Bank, Sector 41D, Badheri, Sector 41, Chandigarh, 160036, India",Mohali,5,79,ChIJMScgUp_tDzkRHno4_UzYoSw,google_maps,2026-08-04T16:16:34
Intiger Web,intiger.com,098726 45802,"S.C.O. 98, Cabin No. 7, 2nd Floor Sector 47-C, 47C, Sector 47, Chandigarh, 160047, India",Mohali,4.8,4,ChIJXRjS_WbsDzkRmjuHh1bunSU,google_maps,2026-08-04T16:16:34
iPixel Infotech (Mohali),ipixelinfotech.com,079835 00838,"269, Phase 11, Sector 65, Sahibzada Ajit Singh Nagar, Chandigarh, Punjab 160062, India",Mohali,4.7,24,ChIJx-Hx09btDzkRaT95aZcoEHk,google_maps,2026-08-04T16:16:34
IT Marketz,itmarketz.com,095018 13613,"PMG Tower, 1273, 3rd Floor, Sector 82, JLPL Industrial Area, Sahibzada Ajit Singh Nagar, Punjab 160055, India",Mohali,5,57,ChIJq6qqqkPuDzkRygdxWD9qeJE,google_maps,2026-08-04T16:16:34
Jetking Mohali,jetking.com,078891 49284,"near Burger King, S.C.F. 91, Phase 3B-2, Sector 60, Sahibzada Ajit Singh Nagar, Punjab 160059, India",Mohali,5,27,ChIJs7lMnXDuDzkRnGrquojWNes,google_maps,2026-08-04T16:16:34
Software development Company Mohali,jsrsolutions.com,080549 23303,"1st Floor, K&B Tower, F-465, Industrial Area, Sector 74, Sahibzada Ajit Singh Nagar, Punjab 140307, India",Mohali,5,4,ChIJ55xKkq6VDzkRWZ1hvT6gFSk,google_maps,2026-08-04T16:16:34
Kaizen Systems,kaizensystems.in,099155 14455,"Sector 35 B, SCO 339-340, above Fabindia, 35B, Sector 35, Chandigarh, 160022, India",Mohali,4.2,167,ChIJ2Q__uIntDzkR1pC-DTUvX0s,google_maps,2026-08-04T16:16:34
KBS-IT SOLUTIONS,kbitsolutions.com.au,098151 50013,"Bmm, 377 , 1st Floor, Phase 11, Sector 65, Sahibzada Ajit Singh Nagar, Punjab 160062, India",Mohali,4.4,10,ChIJj7askibtDzkRDz32twnMoEo,google_maps,2026-08-04T16:16:34
Keyanntech Solutions,keyanntech.com,099159 60600,"6th Floor, Cyber cube, near Quark City, Phase 8B, Industrial Area, Sector 74, Sahibzada Ajit Singh Nagar, Punjab 140307, India",Mohali,5,26,ChIJj-GEVyLvDzkRrF1NB4YpOAE,google_maps,2026-08-04T16:16:34
Krishna Innovative Software,kisworks.com,0172 467 6333,"F-146, Phase 8B, Industrial Area, Sector 74, Sahibzada Ajit Singh Nagar, Punjab 140307, India",Mohali,4.3,44,ChIJdz8DvarvDzkRtzWn--ZjphM,google_maps,2026-08-04T16:16:34
Knick Global,knickglobal.com,098884 28466,"QUARK ATRIUM, Phase 8B, Industrial Area, Sector 74, Sahibzada Ajit Singh Nagar, Punjab 140307, India",Mohali,4.6,20,ChIJYyepT97vDzkRcIjMtOwHlS4,google_maps,2026-08-04T16:16:34
Web Developer Manish,kodeknack.com,078883 44564,"near Rural Health Training Centre, Ambedkar Awas Yojna, RHTC, Sector 56, Chandigarh, 160055, India",Mohali,4.5,13,ChIJAzGRJnPvDzkRr2Cy81rXLiQ,google_maps,2026-08-04T16:16:34
Kodivra IT Company,kodivra.com,090566 65376,"SCO, 314, 1st Floor, 40D, Sector 40D, Chandigarh, 160036, India",Mohali,5,3,ChIJR8vF0ZDvDzkR1r_mc5U38NE,google_maps,2026-08-04T16:16:34
Leading Edge Info Solutions,leadingedgeinfosolutions.com,078377 77045,"Ground Floor, E-221, Phase 8B, Industrial Area, Sector 74, Sahibzada Ajit Singh Nagar, Punjab 160071, India",Mohali,4.6,163,ChIJpWr9KFTuDzkRBtF1RAuLQrQ,google_maps,2026-08-04T16:16:34
Arteye Desizn,linktr.ee,098727 05390,"1119, 44B, Sector 44, Chandigarh, 160047, India",Mohali,5,4,ChIJM-0cUUrsDzkRci2GDJJJZ2U,google_maps,2026-08-04T16:16:34
Little Abs Marketing,littleabsmarketing.in,088470 86847,"360, Sector 32A, 32A, Sector 32, Chandigarh, 160030, India",Mohali,5,10,ChIJo9b0IBntDzkRmI9TfyHx6yo,google_maps,2026-08-04T16:16:34
LuminoGuru,luminoguru.com,06284 521 228,"Plot # D178, 5th Floor, Phase 8B, Industrial Area, Sector 74, Sahibzada Ajit Singh Nagar, Punjab 140307, India",Mohali,4.1,43,ChIJhwE9ufXuDzkRLRYMBMdLBRU,google_maps,2026-08-04T16:16:34
LYON BROTHERS,lyonbrothers.com,086994 26866,"2nd floor, CPM 209/9, Emaar MGF Mohali Sector 105, Sahibzada Ajit Singh Nagar, Punjab 140306, India",Mohali,5,28,ChIJu8h7HkXvDzkRVh-xztYIQH4,google_maps,2026-08-04T16:16:34
Makes360,makes360.com,091321 03210,"2nd Floor Plot No, D180C, Phase 8B, Industrial Area, Sector 74, Sahibzada Ajit Singh Nagar, Punjab 140307, India",Mohali,4.9,194,ChIJ8aazQmjtDzkRMYfN2p5EQRg,google_maps,2026-08-04T16:16:34
Mandy Web Design,mandywebdesign.com,098727 74871,"Plot No. C 210 A, Phase 8B, Industrial Area, Sector 74, Sahibzada Ajit Singh Nagar, Punjab 160071, India",Mohali,4.7,111,ChIJmZNdlRXsDzkRdFz-Oai-xTY,google_maps,2026-08-04T16:16:34
ManpowerGroup Services India,manpowergroup.co.in,1800 419 4001,"Unit NO-B-404, 4th Floor, Bestech Business Tower, 44C, Sector 66, Sahibzada Ajit Singh Nagar, Chandigarh, 160043, India",Mohali,4.8,140,ChIJFUpxBjTtDzkRkjpcG4jb8k0,google_maps,2026-08-04T16:16:34
Jai Japnaam Technologies,mapdekh.com,093691 97487,"No.C, Next57 Coworking Plot, 130, Sector 82, JLPL Industrial Area, Sahibzada Ajit Singh Nagar, Punjab 140306, India",Mohali,3.7,3,ChIJxXChJm3pDzkRaDdAdAmVJxY,google_maps,2026-08-04T16:16:34
Beonpage - Digital Marketing company Mohali Chandigarh,marketing-digital.in,080543 41061,"SCF 82 2nd Floor, 11 Phase Mohali Chandigarh, Phase 11, Sector 65, Sahibzada Ajit Singh Nagar, Punjab 160062, India",Mohali,4.9,56,ChIJu8qAfwXsDzkRpctetQa7_FE,google_maps,2026-08-04T16:16:34
Marketing Gears,marketinggears.com,088474 34917,"2nd Floor, SCO 158/159, Sector 34A, Sector 34, Chandigarh, 160022, India",Mohali,5,124,ChIJnVKxxxDtDzkRZyk9Xjjbv4Y,google_maps,2026-08-04T16:16:34
Master Infotech,masterinfotech.in,,"Plot No 163, Sector 82, JLPL Industrial Area, Sahibzada Ajit Singh Nagar, Punjab 140306, India",Mohali,4.1,17,ChIJYYBKYVOVDzkR5IPbsg4hyDI,google_maps,2026-08-04T16:16:34
Matrid Technologies,matridtech.net,084275 33101,"Plot No 962, Sector 82, JLPL Industrial Area, Sahibzada Ajit Singh Nagar, Punjab 140306, India",Mohali,3.3,78,ChIJ01DqsZPuDzkRoEVw753_rwM,google_maps,2026-08-04T16:16:34
Maxxmann Communications,maxxmann.in,0172 266 0454,"SCO 341-342, First Floor, near Helix Institute, Sector 34A, Sector 34, Chandigarh, 160022, India",Mohali,3.6,27,ChIJc4YQ3e7tDzkRaJ5ipWN1IR4,google_maps,2026-08-04T16:16:34
M CODE INFOSOFT,mcodeinfosoft.com,0172 441 6819,"Office No. 320, Tower-A, Bestech Business Tower, Parkview Residence Colony, Sector 66, Sahibzada Ajit Singh Nagar, Punjab 160066, India",Mohali,5,4,ChIJoS-a0QaVDzkR6cUETyMFZYI,google_maps,2026-08-04T16:16:34
Mediahubster,mediahubster.in,088942 24402,"D229, 1st Floor, Industrial Area, Sector 74, Sahibzada Ajit Singh Nagar, Punjab 140307, India",Mohali,5,16,ChIJQX5MEE7cYGsR3dTCa0RupcY,google_maps,2026-08-04T16:16:34
Megasoft Intellectual Solutions,megasoft-intellectual-solutions.com,089686 20840,"AB Chambers, SCO 21-25, Second Floor, Cabin, no - 202, 202, Sector 70, Sahibzada Ajit Singh Nagar, Punjab 160071, India",Mohali,5,3,ChIJjVa4lpLuDzkRi1zAlSWVZ9A,google_maps,2026-08-04T16:16:34
Megrisoft,megrisoft.com,0172 263 1561,"SCO 80, Sector 47 D, Sector 47, Chandigarh, 160047, India",Mohali,3.4,32,ChIJdQAAwGfsDzkRg1KIdiZD5u0,google_maps,2026-08-04T16:16:34
Midriff Info Solution,midriffinfosolution.org,0172 410 8472,"F-8, Second Floor, Phase-8, Industrial Area, Sector 73, Sahibzada Ajit Singh Nagar, Punjab 160071, India",Mohali,3.8,70,ChIJtaqq6mHuDzkR73WtSPJaIsw,google_maps,2026-08-04T16:16:34
Mind Driven,minddriven.online,062393 09940,"SCO 373, Second floor, Sector 32D, Sector 32, Chandigarh, 160030, India",Mohali,5,12,ChIJJXnOiXDtDzkRPkXNl0sgm-Q,google_maps,2026-08-04T16:16:34
Mindspan Brandcom,mindspan.in,098147 19997,"Second Floor, SCO 270, 44C, Sector 44, Chandigarh, 160043, India",Mohali,4.6,62,ChIJh7hYSVfsDzkR0WTM53EXhDc,google_maps,2026-08-04T16:16:34
Mohali property,mohaliproperty.info,091151 10150,"Booth no. 25, Tdi city, Sector 110, Sahibzada Ajit Singh Nagar, Punjab 140307, India",Mohali,5,6,ChIJU1SJAADvDzkRrBi2DHWSE0c,google_maps,2026-08-04T16:16:34
Mohali Times Square,mohalitimessquare.com,098760 99605,"Sector 118, Chandigarh- Kharar, Road, near V R Punjab, Sector 118, Sahibzada Ajit Singh Nagar, Punjab 160055, India",Mohali,5,4,ChIJGQ6vOGTvDzkRlE_BOTnFQi0,google_maps,2026-08-04T16:16:34
Multi Dimension Web Solutions,multidimensionwebsolutions.com,099153 08533,"CITY HEART, SCO 89 D, Janta Nagar, Kharar, Sahibzada Ajit Singh Nagar, Punjab 140301, India",Mohali,4.9,19,ChIJuf__v0PuDzkRyvaGwaYsxkA,google_maps,2026-08-04T16:16:34
MYLEX INFOTECH,mylexinfotech.com,098710 37882,"STPI-Incubation Center Mohali,Plot No.C-184,Industrial Area,Phase 8 B, Sector-75, opposite Sun Pharma Pvt Ltd, Industrial Area, Sector 75, Sahibzada Ajit Singh Nagar, Punjab 140307, India",Mohali,4.9,85,ChIJwbJUUVzuDzkRFH6NaGoVOGw,google_maps,2026-08-04T16:16:34
Nabuz Technologies,nabuztech.com,062836 43889,"Second Floor, SCF 18, Phase 2, Sector 54, Sahibzada Ajit Singh Nagar, Punjab 160055, India",Mohali,4.7,3,ChIJG9XAtmrvDzkRkTk-u7rADJ8,google_maps,2026-08-04T16:16:34
Nebero Systems,nebero.com,085569 00900,"Plot No. 691, Sector 82, JLPL Industrial Area, Sahibzada Ajit Singh Nagar, Punjab 140308, India",Mohali,3.8,78,ChIJVTVZchzsDzkR9mSJp7me6i4,google_maps,2026-08-04T16:16:34
Neptune Solution,neptunesolution.in,097803 73638,"City Center, S.C.O-156-157,Second Floor, near Verka Office, Sector 34A, Sector 34, Chandigarh, 160022, India",Mohali,4.9,30,ChIJpzjbcLLtDzkRv05FeaHVUCM,google_maps,2026-08-04T16:16:34
JSWEBCODE,netlify.app,082645 27449,"1427/24, Phase 11, Sector 65, Sahibzada Ajit Singh Nagar, Punjab 160062, India",Mohali,5,7,ChIJ9eq_OenrDzkRCdSYJk79ywc,google_maps,2026-08-04T16:16:34
Digital Awareness,netpeak.in,083609 98950,"GM Properties, near by Nim Nath Mandir, Phase 3B1, Sector 68, Kumbra, Sahibzada Ajit Singh Nagar, Punjab 160062, India",Mohali,5,28,ChIJK2lWaLrvDzkR078wPKZFWNA,google_maps,2026-08-04T16:16:34
IT company in mohali,nettizerinfotech.com,095690 96496,"Phase 3, Industrial Area, Sector 58, Sahibzada Ajit Singh Nagar, Punjab 160055, India",Mohali,4.9,12,ChIJi0Th4lzuDzkR2nGwC0kDgCE,google_maps,2026-08-04T16:16:34
NetWalks,netwalks.in,099151 66655,"4616, New Sunny Enclave, near JAL VAYU TOWERS, Sector 125, Sunny Enclave, Sahibzada Ajit Singh Nagar, Kharar, Punjab 140301, India",Mohali,5,8,ChIJTVIZbC_xDzkR9IXTaa1txfg,google_maps,2026-08-04T16:16:34
Nextgen Digital Service,nextgendigitalservice.com,082192 80375,"Sector 67, Chandigarh, Sahibzada Ajit Singh Nagar, Chandigarh 160062, India",Mohali,4.8,4,ChIJaX8PCGDvDzkRQhKXLNTRSvg,google_maps,2026-08-04T16:16:34
NextPage IT Solutions,nextpageit.com,076960 60595,"Plot No. 595, Industrial Area, Phase 9, Mohali, Punjab, India., Sector 66, Sahibzada Ajit Singh Nagar, Punjab 160062, India",Mohali,4,60,ChIJryFzUwHsDzkRXYEW0nmjIDU,google_maps,2026-08-04T16:16:34
Nihon Infotech - Web & Mobile App Development Company | AI Powered Solutions,nihoninfotech.com,086999 43786,"5th Floor, Plot No, 341, near Globe Toyota Showroom, Industrial Area, Industrial Area Mohali Phase 9, Sahibzada Ajit Singh Nagar, Punjab 160062, India",Mohali,5,38,ChIJGeoF8OntDzkROh9c6Q4rf44,google_maps,2026-08-04T16:16:34
Nucleo Analytics,nucleoanalytics.com,,"1688, Sector 82, JLPL Industrial Area, Sahibzada Ajit Singh Nagar, Punjab 140306, India",Mohali,4.9,129,ChIJFz81CXzrDzkRrI93LNpCPHM,google_maps,2026-08-04T16:16:34
NXS Techies LLP - Web Design and Development,nxstechies.com,079860 95992,"Top Floor, Miran Tower, E331, Phase 3B-1, Industrial Area, Sector 74, Sahibzada Ajit Singh Nagar, Punjab 160055, India",Mohali,5,54,ChIJv1kr0prvDzkRR55CWZx6_BE,google_maps,2026-08-04T16:16:34
OffsureIT Solutions,offsureit.in,083603 82715,"D-244 (A B-E, Phase 8B, Industrial Area, Sector 74, Sahibzada Ajit Singh Nagar, Punjab 140307, India",Mohali,4.6,26,ChIJTfRgeuTvDzkRcYszgAtHZq4,google_maps,2026-08-04T16:16:34
OHHWEB IT SOLUTIONS,ohhweb.com,079861 52007,"mall, cp67, Sector 67, Sahibzada Ajit Singh Nagar, Punjab 160062, India",Mohali,5,5,ChIJb7uSudvvDzkRiK0sFUOqN1w,google_maps,2026-08-04T16:16:34
OKKO Global Services,okkoglobal.com,0172 411 0152,"Okko Global Services Private Limited, Emaar Hills, Office No: 235 2nd Floor, CPM 35B, Central Plaza, Emaar MGF Mohali Sector 105, Sector 105, Sahibzada Ajit Singh Nagar, Punjab 140306, India",Mohali,4.5,16,ChIJVVWp1-LuDzkRHBBoKGvibmQ,google_maps,2026-08-04T16:16:34
"Omninoz Mobile App Development Company in India, Chandigarh, Delhi, Gurgaon and Mohali",omninos.co.in,,"SCO 36, near Tdi Business Centre, Sector 118, Sahibzada Ajit Singh Nagar, Punjab 140307, India",Mohali,4.8,13,ChIJaf1nCwXvDzkRASwQiSXM51E,google_maps,2026-08-04T16:16:34
Online Chandigarh,onlinechandigarh.com,098154 14082,"2nd Floor, SCO 6, Sector 82, JLPL Industrial Area, Sahibzada Ajit Singh Nagar, Punjab 140306, India",Mohali,4.9,102,ChIJv4kodP3rDzkRBnqwJyO6RFU,google_maps,2026-08-04T16:16:34
Paradise TechSoft Solutions,paradisetechsoft.com,078141 61591,"5th Floor, D-258, GR Tower, Industrial Area, Sector 75, Sahibzada Ajit Singh Nagar, Punjab 140307, India",Mohali,4.8,36,ChIJMSLV0ZDuDzkRV0OvkcM90SU,google_maps,2026-08-04T16:16:34
Pozitive Electricity & Gas,pe.solutions,,"IT C-9, KMG Towers, IT Park Road, near Sebiz Infotech, Square, Sector 67, Sahibzada Ajit Singh Nagar, Punjab 160062, India",Mohali,4.2,96,ChIJVVVVFfbuDzkRy4TT3Thdk5U,google_maps,2026-08-04T16:16:34
Perfect Web Services,perfectwebservices.com,082649 58742,"4th Floor, C-127, Phase-8, Industrial Area, Sector 73, Sahibzada Ajit Singh Nagar, Punjab 160071, India",Mohali,4.8,23,ChIJKdgoq_XuDzkR-tpgvy-2wSE,google_maps,2026-08-04T16:16:34
Perfect Webs Media,perfectwebsmedia.com,079869 13492,"Start up in a Box, 2nd Floor Sebiz Square, IT-C-6, Sector 67, Sahibzada Ajit Singh Nagar, Punjab 160062, India",Mohali,4.9,15,ChIJIYSU-YzvDzkR65R3lT6xz_I,google_maps,2026-08-04T16:16:34
Phanom Professionals,phanomprofessionals.com,062800 72655,"1st Floor, Prosperity Square, D-185, Phase 8B, Industrial Area, Sector 74, Sahibzada Ajit Singh Nagar, Punjab 140307, India",Mohali,4.9,134,ChIJ6xqzRb3vDzkRMDTKPoRH-tM,google_maps,2026-08-04T16:16:34
PhibuzZ | Digital Marketing Company,phibuzz.com,090569 28644,"Cabin C-5, Plot No. C, 163, Sector 82, JLPL Industrial Area, Sahibzada Ajit Singh Nagar, Punjab 140306, India",Mohali,5,37,ChIJ5x9xdC3pDzkRhno9-VrgVn8,google_maps,2026-08-04T16:16:34
Piford Technologies,piford.com,097794 44127,"IT C-7, 2nd Floor, IT Park, Sector 67, Sahibzada Ajit Singh Nagar, Punjab 160062, India",Mohali,4.2,166,ChIJ_bq4Za_uDzkRn4DqpE-axkI,google_maps,2026-08-04T16:16:34
Pinaka Digital Info Solution,pinakaa.com,078891 33259,"SCO 108 2nd floor, Sector 47C, Sector 47, Chandigarh, 160047, India",Mohali,4.8,17,ChIJVVVVhWjsDzkRy7UyhnYFrC0,google_maps,2026-08-04T16:16:34
PJC Infotech,pjcinfotech.com,0172 502 4660,"SCO 12-13, Mohali Airport Rd, Phase 11, Sector 65, Sahibzada Ajit Singh Nagar, Punjab 160062, India",Mohali,4.7,137,ChIJce6LKQnsDzkRSf7YYbEutUU,google_maps,2026-08-04T16:16:34
"1338 sector 66b, mohali",prefr.co,,"IT CITY Sector 66 Beta, JLPL Industrial Area, Sahibzada Ajit Singh Nagar, Chachu Majra, Punjab 140306, India",Mohali,4.2,5,ChIJdwXuZU3rDzkRxc4qMwD2HX0,google_maps,2026-08-04T16:16:34
Printjas,printjas.com,093131 31396,"SCO 19, TDI City, Sector 110, Sahibzada Ajit Singh Nagar, Punjab 140307, India",Mohali,4.9,104,ChIJYU97XD7vDzkR8RHppPAc3so,google_maps,2026-08-04T16:16:34
PRM Digital,prmdigital.com,,"tdi city, SCO 148, Airport Rd, Sector 117, Kharar, Sahibzada Ajit Singh Nagar, Punjab 160055, India",Mohali,5,18,ChIJH66OsL3vDzkRARbpF_EMoKI,google_maps,2026-08-04T16:16:34
Proud Technologies,proudtechnologies.com,0172 418 5334,"SCF, 42, 3rd Floor, above Axis Bank, Phase 10, Sector 64, Sahibzada Ajit Singh Nagar, Punjab 160062, India",Mohali,4.1,28,ChIJX3EnvK3tDzkRqD2RfxgeQJ8,google_maps,2026-08-04T16:16:34
Punjab Web Design - Website Designer in Chandigarh,punjabwebdesign.com,098889 40088,"SCO 58-59, 2nd Floor, Sector 34A, Sector 34, Chandigarh, 160022, India",Mohali,5,5,ChIJ3drFoMbtDzkRIoh0MeBSn-w,google_maps,2026-08-04T16:16:34
Purusartha Works | Marketing Agency in Chandigarh,purusarthaworks.com,070876 38908,"Sector 48, Chandigarh, 160047, India",Mohali,4.9,54,ChIJpZWWORPsDzkRY5tqQkQZC1c,google_maps,2026-08-04T16:16:34
RudrCraft IT Solutions | Software Company,pythonanywhere.com,070183 92880,"Rudrcraft IT and Consultancy services, near hotel Green, Bar Majra, Sahibzada Ajit Singh Nagar, Punjab 160055, India",Mohali,5,6,ChIJxQY7h3vvDzkRKkNNBA4raoQ,google_maps,2026-08-04T16:16:34
Quantumverse Developers,quantumvers.com,,"PP-7A, Emaar, Sector 108, Sahibzada Ajit Singh Nagar, Punjab 140306, India",Mohali,5,13,ChIJP01DvcLpDzkR9BKal6FTuEQ,google_maps,2026-08-04T16:16:34
Raftaar Tours and Travels,raftaartravels.in,,"EMAAR MOHALI HILLS, near Post Office, Raipur Kalan, Sector 105, Sahibzada Ajit Singh Nagar, Chandigarh, Punjab 140307, India",Mohali,4.8,34,ChIJEaZAagDpDzkR5-GfDQZPZKg,google_maps,2026-08-04T16:16:34
Ragasoft Solutions,ragasoft.co.in,062394 04069,"Plot No 130, Sector 82, Industrial Area, JLPL Industrial Area, Sahibzada Ajit Singh Nagar, Punjab 140306, India",Mohali,4.5,23,ChIJ2R2HIUvrDzkR0XmvAYKSCR4,google_maps,2026-08-04T16:16:34
Raj Rani Art,rajraniart.com,062833 39370,"Office H.No. 528 Phase, 2, Phase 2, Sector 54, Sahibzada Ajit Singh Nagar, Punjab 160055, India",Mohali,5,67,ChIJhyQfMJDvDzkRqjH8i5gA5Ws,google_maps,2026-08-04T16:16:34
Rank Up Digitaly,rankupdigitaly.com,06284 686 544,"Singh Shaheedan Market,Sohana, Shop No. 216, Sector 78, Sahibzada Ajit Singh Nagar, Punjab 140308, India",Mohali,5,42,ChIJG3JbKGTvDzkRSO7J6JrVViI,google_maps,2026-08-04T16:16:34
Rayon Web Solutions,rayonweb.com,070731 27076,"Industrial Area, Sector 59, Sahibzada Ajit Singh Nagar, Punjab 160055, India",Mohali,5,5,ChIJ9ebiu1vvDzkRJuFZfoCgzko,google_maps,2026-08-04T16:16:34
Realcon Mohali,realcon.in,091059 91059,"Sector 113 Landran, Chowk, Sahibzada Ajit Singh Nagar, Punjab 140307, India",Mohali,4.3,35,ChIJG-Cj9NXvDzkR3ZdCebgHxH0,google_maps,2026-08-04T16:16:34
Real Properties mohali,realpropertiesmohali.com,098140 92906,"gurudwara, Near, Kharar - Landran Rd, Sante Majra, Sahibzada Ajit Singh Nagar, Punjab 140307, India",Mohali,5,12,ChIJy1YvK4nvDzkRvjPlFXGLDNw,google_maps,2026-08-04T16:16:34
Regal Heights,regalheightsmohali.com,,"PM2H+8GV, GH-11D, Sector 91, Sahibzada Ajit Singh Nagar, Punjab 140307, India",Mohali,3.9,18,ChIJAXL_JS3vDzkRvMdLefnWUW0,google_maps,2026-08-04T16:16:34
"Reputed Brand - Digital Marketing In Chandigarh, Mohali",reputedbrand.com,098130 30336,"# mohali,, 907, Sector 70, Sahibzada Ajit Singh Nagar, Punjab 160071, India",Mohali,4.7,26,ChIJWwLsX5DuDzkROKyWX4xL2yo,google_maps,2026-08-04T16:16:34
RG STARTUP - Web Solution services & Training. Web Designing | Website & Mobile App Development | Digital Marketing Services,rgstartup.com,095921 75214,"1st floor phase 11, SCF-88, Phase 11, Sector 65, Sahibzada Ajit Singh Nagar, Punjab 160065, India",Mohali,5,78,ChIJtfebNRXuDzkR4VFvKkadjIo,google_maps,2026-08-04T16:16:34
Rheonix Tech,rheonixtech.com,,"1608, Phase 9, Sector 63, Sahibzada Ajit Singh Nagar, Punjab 160062, India",Mohali,5,12,ChIJF1x1ICntDzkR3JTjvwMQs2g,google_maps,2026-08-04T16:16:34
RiAcube,riacube.us,098030 69555,"SCO 282, Ground floor, Market 35 D, Sector 35D, Sector 35, Chandigarh, 160022, India",Mohali,4.8,22,ChIJkx9VxbftDzkROzPhOFINLYw,google_maps,2026-08-04T16:16:34
Ritesh Verma,riteshverma.co.in,099159 68852,"Booth No. 14, Shiv Market, Sector 42-C, Sector 42, Chandigarh, 160036, India",Mohali,4.9,94,ChIJXZFvAS_tDzkRCDfydx_FgW0,google_maps,2026-08-04T16:16:34
Royallogics Services Chandigarh,royallogics.com,076968 92549,"1590, 2nd Floor, Burail, Burail Village, Sector 45-B, Chandigarh, 160047, India",Mohali,5,5,ChIJr0ilNc3tDzkRZukOJg0PYWU,google_maps,2026-08-04T16:16:34
Sabayat Technologies,sabayat.com,098776 24712,"Sabayat Technologies, 5198-2F, Sector 116, Sahibzada Ajit Singh Nagar, Punjab 140307, India",Mohali,5,28,ChIJ___rILvvDzkR-xNmI0Qfmc0,google_maps,2026-08-04T16:16:34
Adv. Yadwinder Singh,sadioralawchambers.com,096468 22391,"EMAAR, AG - 143, Sector 109, Sahibzada Ajit Singh Nagar, Punjab 140307, India",Mohali,5,8,ChIJI1KdeCjpDzkR4H_fnJBI4as,google_maps,2026-08-04T16:16:34
Safaltek Software,safaltek.in,0172 502 6090,"Bestech Business Tower, Block-B, 9th Floor, Office No.916, Parkview Residence Colony, Tarf Kumbra, Sahibzada Ajit Singh Nagar, Punjab 160062, India",Mohali,3.3,27,ChIJq9KO69OSDzkRiJUXub3mRbM,google_maps,2026-08-04T16:16:34
Sahil IT Tech,sahilittech.com,084929 20816,"Echo Floor Mohali (chandigarh, Chandigarh, Punjab 140301, India",Mohali,4.2,5,ChIJ6d3Fg_3xDzkRbLcz45Y8HE0,google_maps,2026-08-04T16:16:34
Mohali punjab,sarainformatics.com,094194 05255,"# 1247, 160059, Sector 68, Sahibzada Ajit Singh Nagar, Punjab 160062, India",Mohali,4.8,13,ChIJw8Anj6TuDzkRJru7GcHY5VA,google_maps,2026-08-04T16:16:34
Satguru Technologies,satgurutechnologies.com,098882 30000,"SCO-64B(1st floor, CITY HEART, Janta Nagar, Kharar, Punjab 140301, India",Mohali,3.4,43,ChIJ6WiYVVbuDzkRzaFuzE9bR1M,google_maps,2026-08-04T16:16:34
ScalingWeb Digital Services Pvt Ltd - Website Development Company,scalingweb.com,082839 90111,"Bestech Business Tower, Tower- A, 324, Unit, 3rd Floor, Parkview Residence Colony, Sector 66, Sahibzada Ajit Singh Nagar, Punjab 160066, India",Mohali,4.4,88,ChIJr5joulfuDzkR4QXRWQrGvyA,google_maps,2026-08-04T16:16:34
Scorpius Technology,scorpiustechnology.com,062394 62040,"TOWER-B, Bestech Business Tower, B-903, Parkview Residence Colony, Sector 66, Sahibzada Ajit Singh Nagar, Punjab 160066, India",Mohali,4.6,49,ChIJXx1YJhHtDzkR_KS7UmSQGU4,google_maps,2026-08-04T16:16:34
SellnShip® Solutions,sellnship.in,089688 18888,"SCO 97, 44C, Sector 44, Chandigarh, 160043, India",Mohali,5,52,ChIJUbliYGPuDzkRmwgp79llBtY,google_maps,2026-08-04T16:16:34
Seo Online Shop,seoonlineshop.com,094640 41553,"2788/1, near Green Castle Smart School, 47C, Sector 47, Chandigarh, 160047, India",Mohali,4.9,25,ChIJNR35abntDzkRHGsZcMWfjUw,google_maps,2026-08-04T16:16:34
SEO WebMaestro - Online Reputation Management Company,seowebmaestro.com,0172 418 3857,"Top Floor, SCF 23, Phase 11, Sector 65, Sahibzada Ajit Singh Nagar, Punjab 160062, India",Mohali,5,5,ChIJ-_2aQkntDzkRqidWBU7t62g,google_maps,2026-08-04T16:16:34
Software company at Chandigarh - shanami technologies,shanamitechnologies.in,081079 17778,"S.C.O. 55, Kesho Ram Complex, Burail, Sector 45C, Sector 45, Chandigarh, 160047, India",Mohali,5,7,ChIJQy0JcejtDzkRmg2n3aSUa0A,google_maps,2026-08-04T16:16:34
Shine Soft Solutions,shinesoftsolutions.com,099883 90500,"SCO-84/1, 3, Shahi Majra, Industrial Area, Sector 58, Sahibzada Ajit Singh Nagar, Punjab 160055, India",Mohali,4.2,58,ChIJtVkCfpDvDzkRlxUwNroSf54,google_maps,2026-08-04T16:16:34
Shine Web Services,shinewebservices.com,,"First Floor, TDI TAJ PLAZA, SCO 520, Airport Rd, Sector 118, Sahibzada Ajit Singh Nagar, Punjab 160055, India",Mohali,4,6,ChIJ-zitylbuDzkRZlPCmfN1_1M,google_maps,2026-08-04T16:16:34
SidhTech Media,sidhtechmedia.com,094633 64455,"House no. 4001, Sector 46D, Sector 46, Chandigarh, 160047, India",Mohali,4.9,10,ChIJB6SKcp1FzacRnH_c8pni-JI,google_maps,2026-08-04T16:16:34
SkillLabs,skilllabs.net,098759 79243,"A-309, Bestech Business Tower, Parkview Residence Colony, Tarf Kumbra, Sahibzada Ajit Singh Nagar, Punjab 160062, India",Mohali,4.8,84,ChIJ-SrPZq_uDzkRSRlAGWa_Q7Q,google_maps,2026-08-04T16:16:34
Skymore IT Solutions,skymoreitsolutions.com,099889 04461,"Phase 3 A, Sector 53, Sahibzada Ajit Singh Nagar, Chandigarh, Punjab 160059, India",Mohali,5,60,ChIJ_fNUVvzvDzkRu94xvoJrY9M,google_maps,2026-08-04T16:16:34
SLR Infotech,slrinfotech.in,098765 43900,"SCO134-135-136, Second Floor, above Axis Bank, Sector 34A, Sector 34, Chandigarh, 160022, India",Mohali,4.2,176,ChIJW04fmq3tDzkRhowEfEPqEE0,google_maps,2026-08-04T16:16:34
Smarthome Waterproofing | Roof & Terrace Waterproofing Service Provider In Mohali,smarthomewaterproofing.com,079888 47017,"Sector 119, Balongi, Sahibzada Ajit Singh Nagar, Punjab 160055, India",Mohali,5,36,ChIJu_tKb6zvDzkRkmqCE0oRC4E,google_maps,2026-08-04T16:16:34
Smartsbee Website Services,smartsbee.com,090410 96676,"Sector 118, Sahibzada Ajit Singh Nagar, Punjab 140307, India",Mohali,5,6,ChIJoyV95fbuDzkR8Td5J-Bd7l0,google_maps,2026-08-04T16:16:34
Smarttalk Digital,smarttalkdigital.com,090566 55406,"Level 2, Front office, SCO 361, Sector 44D, Sector 44, Chandigarh, 160043, India",Mohali,4.9,15,ChIJSSVw5_jtDzkR4ES72ztBeZ0,google_maps,2026-08-04T16:16:34
Smartwinz Solutions,smartwinzsolutions.com,098723 94004,"Smartwinz Solutions D-190, 1st Floor, Phase 8B, Industrial Area, Sector 74, Sahibzada Ajit Singh Nagar, Punjab 140307, India",Mohali,4.6,31,ChIJWwAAwFnuDzkRRFUn0BIsmqY,google_maps,2026-08-04T16:16:34
Sntrix,sntrix.com,0172 509 8557,"H&H Business Arcade, D-141, Phase 7, Industrial Area, Sector 73, Sahibzada Ajit Singh Nagar, Punjab 160055, India",Mohali,4.9,97,ChIJE1vRDMfvDzkR_wK-bhvSJWk,google_maps,2026-08-04T16:16:34
Social Theory,socialtheory.in,,"CPM-34, 1st Floor, Central Plaza, Emaar MGF Rd, near Indian Bank, Emaar MGF Mohali Sector 105, Sahibzada Ajit Singh Nagar, Punjab 140306, India",Mohali,5,49,ChIJsbtBmx3pDzkRn5Yfuu9LGHU,google_maps,2026-08-04T16:16:34
Sofineer,sofineer.com,0172 464 1137,"D-185, Top Floor, 57, Phase 3B-1, Industrial Area, Sector 74, Sahibzada Ajit Singh Nagar, Punjab 160059, India",Mohali,4.9,8,ChIJlQyaigTvDzkR_OIUwehRakk,google_maps,2026-08-04T16:16:34
Soft Elevation,softelevation.com,072522 89548,"World Tech 67, ITC 10, near Municipal building, Sector 67, Sahibzada Ajit Singh Nagar, Punjab 160062, India",Mohali,4.2,18,ChIJk3b2BSXvDzkRZy_fk_otT9M,google_maps,2026-08-04T16:16:34
Soft Erector,softerector.com,0172 465 0859,"1st Floor, Plot No: D, 160, Phase-8, Industrial Area, Sector 73, Sahibzada Ajit Singh Nagar, Punjab 160071, India",Mohali,4.8,13,ChIJjyK13bzvDzkRjpQDU0ADfp4,google_maps,2026-08-04T16:16:34
Softnex Technologies,softnextechnologies.in,,"67, Sector Rd, Sector 67, Sahibzada Ajit Singh Nagar, Punjab 160062, India",Mohali,4.9,13,ChIJqcA1DQcpP6IRajTYIWRGQKg,google_maps,2026-08-04T16:16:34
SOFTTONIA,softtonia.com,073409 02187,"Sector 91, Sahibzada Ajit Singh Nagar, Punjab 140307, India",Mohali,4.1,14,ChIJq6qqqgXvDzkRs438fsRHplI,google_maps,2026-08-04T16:16:34
"SourceFuse Technologies, Mohali",sourcefuse.com,0172 503 2044,"C-204, Atrium, Phase 8B, Industrial Area, Sector 74, Sahibzada Ajit Singh Nagar, Punjab 140307, India",Mohali,4,78,ChIJ43-6b_7uDzkRJ1gVZP-OsQY,google_maps,2026-08-04T16:16:34
SourceMash Technologies,sourcemash.com,,"F 384, Sector 91 Rd, Phase 8B, Industrial Area, Sector 91, Sahibzada Ajit Singh Nagar, Punjab 160055, India",Mohali,4.2,50,ChIJOSqogbPvDzkRyDiciaT3G6g,google_maps,2026-08-04T16:16:34
Spell Communications,spell.marketing,098144 65591,"BMM, SCO 357, Phase 11, Sector 65, Sahibzada Ajit Singh Nagar, Punjab 160062, India",Mohali,4.8,5,ChIJ9Xn-fovtDzkRgLabV2pChVM,google_maps,2026-08-04T16:16:34
Sprinzo Developerz,sprinzo.com,,"Office 347, 3rd floor, The Medallion, Sector 68, Kumbra, Sahibzada Ajit Singh Nagar, Punjab 160062, India",Mohali,3.7,6,ChIJd2foG6mVDzkRa7wT_1u6BeY,google_maps,2026-08-04T16:16:34
SQE Labs,sqelabs.com,0172 409 0818,"SQE Labs, 627, 6th Floor, Tower-A, Bestech Business Tower, Parkview Residence Colony, Sector 66, Sahibzada Ajit Singh Nagar, Punjab 160062, India",Mohali,4.6,9,ChIJ8btiYGPuDzkRME5YlCaG_zw,google_maps,2026-08-04T16:16:34
Stackgeeks,stackgeeks.com,097802 11669,"SCO 50-51, Sector 34B, Sector 34, Chandigarh, 160022, India",Mohali,4.8,26,ChIJXZuDOrLtDzkRca2cAAnDj-0,google_maps,2026-08-04T16:16:34
Stark Edge,starkedge.com,097809 78098,"D235 A, near Hindustan Times, Phase 8B, Industrial Area, Sector 74, Sahibzada Ajit Singh Nagar, Punjab 160074, India",Mohali,4.3,86,ChIJNyGdNm7uDzkRz3e2qA0BSac,google_maps,2026-08-04T16:16:34
Start Any Business UAE (India Branch),startanybusiness.in,078072 11784,"Emaar Hills, 2nd floor , office no 235, CPM 35B, Central Plaza, Emaar MGF Mohali Sector 105, Sahibzada Ajit Singh Nagar, Punjab 140307, India",Mohali,5,42,ChIJV1zVJH3vDzkRwR70_9BqkO8,google_maps,2026-08-04T16:16:34
STATURE IT,statureit.com,095091 63310,"2nd Floor, Sco-2, Central Street, Sector 67, Sahibzada Ajit Singh Nagar, Punjab 160062, India",Mohali,4.3,6,ChIJWeN_fy_vDzkR5m2rgbL7roY,google_maps,2026-08-04T16:16:34
Sterling Digital World,sterlingdigitalworld.com,098153 86342,"Flat No. 200/2, HIG Houses, Sector 45A, Sector 45, Chandigarh, 160047, India",Mohali,5,75,ChIJaymaxZ3tDzkRUJiyfpMZ5fk,google_maps,2026-08-04T16:16:34
Suffescom Solutions,suffescom.com,098787 36127,"3rd Floor, Orbit Tower, D-256, Industrial Area, Sector 75, Sahibzada Ajit Singh Nagar, Punjab 160062, India",Mohali,4,61,ChIJqbt7m5HvDzkRGvngI7RLwe0,google_maps,2026-08-04T16:16:34
Supreme Technologies,supremesoftwares.com,0172 418 1181,"Plot Number 341, Industrial Area, Industrial Area Mohali Phase 9, Sahibzada Ajit Singh Nagar, Punjab 160062, India",Mohali,4.8,31,ChIJ58YkRWbtDzkRzZ_Vg8PnHvc,google_maps,2026-08-04T16:16:34
Swinteck,swinteck.com,079739 34868,"Emaar The Views, L1 904, Emaar MGF Mohali Sector 105, Sahibzada Ajit Singh Nagar, Punjab 140306, India",Mohali,5,8,ChIJ5_votx9YRokRJBKoo4owbns,google_maps,2026-08-04T16:16:34
Silicon Web Solutions,swsplindia.com,094177 45884,"scf 33, Top floor, phase 11 Mohali, Phase 11, Sector 65, Sahibzada Ajit Singh Nagar, Punjab 160062, India",Mohali,3.6,19,ChIJH1FaSgXsDzkRcqcsC6gDPTE,google_maps,2026-08-04T16:16:34
SyncMinds IT,syncmindsit.com,,"Next57, 4th Floor, Plot 163, Sector 82, C-9, Cabin, JLPL Industrial Area, Sahibzada Ajit Singh Nagar, Punjab 140306, India",Mohali,5,3,ChIJ3XdWYUrpDzkRV4n7Nl5iGqM,google_maps,2026-08-04T16:16:34
Synthesis Technologies,synthesis-technologies.com,099159 44033,"Pocket D, Millennium Court, Wave Estate, SCO 10, Sector 85, Sahibzada Ajit Singh Nagar, Punjab 140308, India",Mohali,5,15,ChIJ3fzR0cTuDzkRYnuaa9oF-fU,google_maps,2026-08-04T16:16:34
Taak Softech,taaksoftech.com,076258 28945,"3b2 Market, Phase 3B-2, Sector 60, Sahibzada Ajit Singh Nagar, Punjab 160059, India",Mohali,5,53,ChIJH-rrjTrLowcRaLNiVG-B4Qg,google_maps,2026-08-04T16:16:34
TB InfoTech,tbinfotech.com,098555 21115,"opposite Competent Groove, Manchanda Tower, Plot No D133C, 1st Floor, Phase 7, Industrial Area, Sector 73, Sahibzada Ajit Singh Nagar, Punjab 160055, India",Mohali,5,22,ChIJqwqEnXbvDzkR02Qow7TQpGc,google_maps,2026-08-04T16:16:34
TDI House,tdiinfratech.com,096678 83884,"1, SCO 678-679, Airport Rd, Sector 119, Sahibzada Ajit Singh Nagar, Punjab 160055, India",Mohali,3.8,48,ChIJRUwxPonvDzkRhICvAnjS-Fo,google_maps,2026-08-04T16:16:34
tecHindustan,techindustan.com,085708 10001,"3rd Floor, ITC 11, near the Municipal Building, Sector 67, Sahibzada Ajit Singh Nagar, Punjab 160062, India",Mohali,4.4,71,ChIJcysnvKrvDzkRJ4l5ifcsoIE,google_maps,2026-08-04T16:16:34
Technaitra IT Solutions,technaitra.com,0172 505 5661,"SCO 84/3, 5, near MRF tyres, Shahi Majra, Industrial Area, Sector 58, Sahibzada Ajit Singh Nagar, Punjab 160055, India",Mohali,4.1,26,ChIJu2rgRlzuDzkR6o0NESXUxJA,google_maps,2026-08-04T16:16:34
Technospike IT Solutions,technospike.com,084277 22113,"Plot No. 1301, Sector 82, JLPL Industrial Area, Sahibzada Ajit Singh Nagar, Punjab 140306, India",Mohali,4.5,28,ChIJDS35UVnpDzkRXFgnIVzu6wk,google_maps,2026-08-04T16:16:34
Technoweavers Software Solutions,technoweavers.com,099881 11270,"E-60, Phase-8, Industrial Area, Sector 73, Sahibzada Ajit Singh Nagar, Punjab 160071, India",Mohali,4.9,122,ChIJ6UzTK5PvDzkRqBY_Z8ntAYQ,google_maps,2026-08-04T16:16:34
Tech Old Hand,techoldhand.com,085285 25988,"Chandigarh Housing Board Flats 1 Block-20, Chandigarh Housing Board Flats 1, 2904/0, near Manav Mangal School, Housing Board Society, Phase 9, Chandigarh, Sahibzada Ajit Singh Nagar, Punjab 160062, India",Mohali,5,4,ChIJEc9Q-WzvDzkRcghoMyaJGt8,google_maps,2026-08-04T16:16:34
TechoSquare - Web development company in Chandigarh,techosquare.com,,"Sebiz Sq, Sector 67, Sahibzada Ajit Singh Nagar, Punjab 160062, India",Mohali,5,5,ChIJE9FHLlXrDzkRcQbCJsuZFJk,google_maps,2026-08-04T16:16:34
The Code Technologies,thecodetechnologies.com,076969 06438,"Elfin tower, E-206, Phase 8B, Industrial Area, Sector 74, Sahibzada Ajit Singh Nagar, Punjab 140307, India",Mohali,4.8,68,ChIJbdPcy_HvDzkRnAL2H7xbD7w,google_maps,2026-08-04T16:16:34
The Core Systems,thecore.co.in,078887 75036,"3rd Floor, SCO 198, Sector 34A, Sector 34, Chandigarh, 160022, India",Mohali,4.7,191,ChIJWcVSj63tDzkRjmp2Zxtcql8,google_maps,2026-08-04T16:16:34
"Iron networks,Mohali",theironnetwork.org,,"Level 8, Plot No. D-199, Phase 8B, Industrial Area, Sector 74, Sahibzada Ajit Singh Nagar, Punjab 140307, India",Mohali,2.8,40,ChIJL39-8vbuDzkR7XJD543h-Hw,google_maps,2026-08-04T16:16:34
Think 360 Studio - Digital Product UI/UX Design Agency,think360studio.com,0172 460 3543,"Central Plaza CP-22, 3rd Floor, Central Plaza, Emaar MGF Mohali Sector 105, Greater, Sahibzada Ajit Singh Nagar, Punjab 140306, India",Mohali,4.6,59,ChIJU_bGNubtDzkRLY6kzO-iH3I,google_maps,2026-08-04T16:16:34
Thunder Brains Pvt.Ltd | Full Stack Development Agency in Mohali,thunderbrains.in,097793 08242,"405, 4th Floor, Plot No C-196-A, Phase 8B, Industrial Area, Sector 74, Sahibzada Ajit Singh Nagar, Punjab 140308, India",Mohali,4.9,15,ChIJ53nPuqyaKUkRRnYyFist3Ho,google_maps,2026-08-04T16:16:34
Tohfa Riwaz,tohfariwaz.com,088003 69289,"Sector 110, Sahibzada Ajit Singh Nagar, Punjab 140307, India",Mohali,4.8,26,ChIJ7RHoUfnvDzkRTy0D28X3OYI,google_maps,2026-08-04T16:16:34
TopRank Digital Service - Website Designer & SEO Company,toprankindia.com,093050 30523,"Shop No. 8, Sector 34B, Sector 34, Chandigarh, 160022, India",Mohali,5,9,ChIJ_7OE8njtDzkRhfweIizLFGk,google_maps,2026-08-04T16:16:34
Triple D Studio,tripledstudio.com,090415 78474,"Soho 5A, 2nd Floor, 9th Avenue, Kharar - Landran Rd, Sector 115, Sahibzada Ajit Singh Nagar, Punjab 140307, India",Mohali,4.8,69,ChIJfXRvA_ztDzkRdLX_6RJr3Y8,google_maps,2026-08-04T16:16:34
TSHOOT SOLUTIONS,tshootsolutions.com,072060 56810,"1250, Phase 3B2, Phase 3B-2, Sector 60, Sahibzada Ajit Singh Nagar, Punjab 160059, India",Mohali,5,6,ChIJMcqZqVPvDzkR150GlKimg2A,google_maps,2026-08-04T16:16:34
Universal Code Design Solutions,ucds.in,098888 93383,"1st Floor, 701, Sector 43-A, Sector 43, Chandigarh, 160043, India",Mohali,4.8,13,ChIJDZYeI8ntDzkRsVkR6UrKYhc,google_maps,2026-08-04T16:16:34
UIUX STUDIO,uiux.studio,0172 451 1333,"TOWER-B, Bestech Business Tower, B-409, Parkview Residence Colony, Sector 66, Sahibzada Ajit Singh Nagar, Punjab 160062, India",Mohali,4.5,63,ChIJsze0AFfuDzkRMVcse6xG3Cc,google_maps,2026-08-04T16:16:34
UniCloud IT Services,uniclouditservices.com,090411 66494,"Bestech Business Tower, B202, Parkview Residence Colony, Tarf Kumbra, Sahibzada Ajit Singh Nagar, Punjab 160066, India",Mohali,4.5,11,ChIJxXO2dO-TDzkRadhIDs4XPCk,google_maps,2026-08-04T16:16:34
Unify Wizards,unifywizards.com,097750 00068,"E 300, Phase, 8A, Industrial Area, Sector 75, Sahibzada Ajit Singh Nagar, Punjab 160055, India",Mohali,4.8,26,ChIJP6H7jL_vDzkRRawMhW4-Wvk,google_maps,2026-08-04T16:16:34
"Unitech Executive Floors, Sector 97, Mohali",unitechmohali.com,098141 64646,"Unitech, Sector 97, Sahibzada Ajit Singh Nagar, Punjab 140307, India",Mohali,4.1,135,ChIJrZo6hirvDzkRDBAxGb_Sz6E,google_maps,2026-08-04T16:16:34
Universal Waves - Modular Kitchen in Mohali,universalkitchens.in,0172 459 7663,"CPM 13-BG, Emaar MGF Mohali Sector 105, Sahibzada Ajit Singh Nagar, Punjab 140306, India",Mohali,4.3,102,ChIJI3A4xp_uDzkRI_0-boF2Jio,google_maps,2026-08-04T16:16:34
Vaahu Deviaduct,vaahuduct.com,090904 93593,"C/o Workcave Coworking, Level 1, SCO 224, 37C&D, C&D, Sector 37, Chandigarh, 160036, India",Mohali,5,14,ChIJub7J5ITtDzkRqHfgnZ4-Rrg,google_maps,2026-08-04T16:16:34
VDS Shine,vdsshine.com,095595 53302,"Rehmat Enclave, Bar Majra, Sahibzada Ajit Singh Nagar, Punjab 160055, India",Mohali,4.9,43,ChIJl6Gr8ufvDzkReEQRB1yQ-ik,google_maps,2026-08-04T16:16:34
Vintageit Solutions,vintageitsolutions.com,,"first floor, adjoining Union Bank, Chandigarh, Kharar - Landran Rd, Sector 127, Main Bazar, Sahibzada Ajit Singh Nagar, Punjab 140301, India",Mohali,4.8,17,ChIJE94_VtPtDzkRM1zVXYRVOO0,google_maps,2026-08-04T16:16:34
ViralStan | Digital Marketing Agency in Mohali,viralstan.com,06284 500 902,"Office No 413, Sunny Business Centre, Sunny Enclave, Kharar, Punjab 140301, India",Mohali,4.9,36,ChIJw__HWfzvDzkRk4dG2SguB_s,google_maps,2026-08-04T16:16:34
Visiontrek Communication | Website Development Services & Company in Mohali,visiontrek.in,085888 61588,"Phase 8 B, E 195, Phase 8B, Industrial Area, Sector 74, Sahibzada Ajit Singh Nagar, Punjab 140307, India",Mohali,4.8,85,ChIJK7WTWervDzkRA3P7qt9liBk,google_maps,2026-08-04T16:16:34
VM Websoft,vmwebsoft.com,094785 80848,"SCO 11A, First Floor, Phase, 5, Shahi Majra, Industrial Area, Sector 58, Sahibzada Ajit Singh Nagar, Punjab 160055, India",Mohali,4.8,36,ChIJy2LGM1fvDzkRb-ZNWIGbHKE,google_maps,2026-08-04T16:16:34
Vopra Tech,vopratech.com,090560 19056,"Bestech Business Tower, B-702, Parkview Residence Colony, Sector 66, Sahibzada Ajit Singh Nagar, Punjab 160062, India",Mohali,4.8,4,ChIJ52mNTdLtDzkROKhAmUqYAiE,google_maps,2026-08-04T16:16:34
Vqcodes software solutions,vqcodes.com,099154 16413,"5th Floor, E-196, Phase 8B, Industrial Area, Sector 74, Sahibzada Ajit Singh Nagar, Punjab 160055, India",Mohali,4.8,104,ChIJsfJj-lPvDzkRcgIQpcSrhow,google_maps,2026-08-04T16:16:34
W3Hints,w3hints.com,062392 78581,"2442, Sunny Enclave, Sahibzada Ajit Singh Nagar, Kharar, Punjab 140301, India",Mohali,5,6,ChIJO9QzGMvvDzkRZSgz1hG19S8,google_maps,2026-08-04T16:16:34
W3 Web Designs,w3webdesigns.com,098550 18229,"#1662, Sector 45b, Sector 33 Market Rd, Sector 33B, Sector 33, Chandigarh, 160020, India",Mohali,5,16,ChIJu3gfWa7tDzkRsTsSDdDEjyk,google_maps,2026-08-04T16:16:34
Akshay sharma web devlopment and digital marketing,wa.link,078074 88028,"248/3, 45A, sector, Chandigarh, 160047, India",Mohali,5,18,ChIJD_hkTIzWqoURIp5-sqFIczU,google_maps,2026-08-04T16:16:34
"Freelance Casa, Digital Marketing Agency on Freeroids",weadvertiseyou.com,070873 34343,"HNO-1441 (1st Floor, Sector 44 B, 44B, Sector 44, Chandigarh, 160043, India",Mohali,5,3,ChIJ638tKhXtDzkRAqlMJKorHoc,google_maps,2026-08-04T16:16:34
"Webbers UX® - #1 Strategic Digital Agency in Mohali, India",webbersux.com,086998 45500,"5th Floor, The Excelsior, C 201 - 202, Phase 8B, Industrial Area, Sector 74, Sahibzada Ajit Singh Nagar, Punjab 140307, India",Mohali,4.7,31,ChIJT7VCzcjvDzkRASSTP3dTXv0,google_maps,2026-08-04T16:16:34
Webchefz Infotech,webchefz.com,0172 460 4040,"F372 Phase, 8B, Phase 8B, Industrial Area, Sector 74, Sahibzada Ajit Singh Nagar, Punjab 140307, India",Mohali,4.5,21,ChIJ3f__P_buDzkRHr8_bKnxHVY,google_maps,2026-08-04T16:16:34
Webdesign Discovery,webdesigndiscovery.com,094655 73673,"Ground Floor, D-151, Phase-8, Industrial Area, Sector 73, Sahibzada Ajit Singh Nagar, Punjab 160055, India",Mohali,4.9,28,ChIJSRTHTXvtDzkRSsNsWkBnRtE,google_maps,2026-08-04T16:16:34
WebEagles Infotech,webeagles.co.in,096466 35089,"2nd Floor, SCF-117, near Bright Career Solutions, BCS Phase 7, Sector 61, Sahibzada Ajit Singh Nagar, Punjab 160062, India",Mohali,5,5,ChIJja6jF1hcxGwR-IO-vIJ88sU,google_maps,2026-08-04T16:16:34
WebEarly,webearly.in,098763 11465,"SCF 103,Cabin No.2,Top Floor, Phase 11, Sector 65, Sahibzada Ajit Singh Nagar, Punjab 160062, India",Mohali,5,6,ChIJoVV7IePvDzkRdcoHxyDNJuQ,google_maps,2026-08-04T16:16:34
WEO Infotech,webexpertsonline.net,0172 402 5441,"918, 9th Floor, TOWER-B, Bestech Business Tower, Parkview Residence Colony, Sector 66, Sahibzada Ajit Singh Nagar, Punjab 160066, India",Mohali,4.3,26,ChIJX_oLnA_sDzkRxA2skaYL8Ik,google_maps,2026-08-04T16:16:34
Web Framez,webframez.com,098880 01269,"Plot No. 209, 2nd Floor, Phase 5, Industrial Area, Sector 59, Sahibzada Ajit Singh Nagar, Punjab 160055, India",Mohali,4.8,113,ChIJhXVmZnKDGjkRU1fP5Msx5mI,google_maps,2026-08-04T16:16:34
WebHopers Infotech,webhopers.com,076962 28822,"Sco:126-127, Sector 34A, Sector 34, Chandigarh, 160022, India",Mohali,4.5,28,ChIJjaFn1LLtDzkRYgYh3TOJ1_g,google_maps,2026-08-04T16:16:34
Webjip,webjip.com,097800 63209,"Cabin No. 01, 5th Floor F-140, Pioneer Business Tower, Phase 8B, Mohali, Phase 8B, Industrial Area, Sector 74, Area, Sahibzada Ajit Singh Nagar, Punjab 140307, India",Mohali,5,30,ChIJ13ewt3nvDzkRHFyryi6blEQ,google_maps,2026-08-04T16:16:34
Webliquid Infotech,webliquidinfotech.com,073474 05486,"SCO 114-115, 2nd Floor, Sector 34-A, Sector 34, Sector 34A, Sector 34, Chandigarh, 160022, India",Mohali,4.9,91,ChIJi67MvKftDzkR8zQpb5kh0PY,google_maps,2026-08-04T16:16:34
Web Ministers,webministers.com,091155 52299,"Phase 8A, Vista Tower 2, E-302, Industrial Area, Sector 75, Sahibzada Ajit Singh Nagar, Punjab 140307, India",Mohali,4.9,18,ChIJj2eR4NDvDzkRqgrm6qOyfEo,google_maps,2026-08-04T16:16:34
Webmob Software Solutions,webmobinfo.ch,0172 403 7469,"Office no. 829, Bestech Business Tower, 8th Floor, Parkview Residence Colony, Sector 66, Sahibzada Ajit Singh Nagar, Punjab 160062, India",Mohali,4.3,18,ChIJ-63RhMTsDzkRFTfiM8nmguw,google_maps,2026-08-04T16:16:34
Web Mohali Ads Agency,webmohali.com,075288 60211,"1st Floor, C-576, street 30, Jujhar Nagar, Sahibzada Ajit Singh Nagar, Punjab 160055, India",Mohali,5,5,ChIJLQ4O0rzvDzkREqdaU8xUBQY,google_maps,2026-08-04T16:16:34
WebNaitra,webnaitra.com,086999 55531,"SCF 38, Top Floor, Phase 11, Sector 65, Sahibzada Ajit Singh Nagar, Punjab 160062, India",Mohali,3.7,3,ChIJVTN7Cg7tDzkRXAyRU0V8NxI,google_maps,2026-08-04T16:16:34
Weborbix,weborbix.com,095012 22518,"Quite Office No.3, Ground Floor, Back Side Entry, Sector 35A, 35A, Sector 35, Chandigarh, 160022, India",Mohali,4.9,7,ChIJi96AnRTtDzkRyjPOQWHaZOg,google_maps,2026-08-04T16:16:34
Webroute Solutions,webroutesolutions.com,078890 40393,"SCF 38, 2nd Floor, Phase 10, Sector 64, Sahibzada Ajit Singh Nagar, Punjab 160062, India",Mohali,5,7,ChIJlatM4wrmv6ARPx8OJTk9xiE,google_maps,2026-08-04T16:16:34
Amardeep Singh Chahal,websitedesignerchandigarh.com,098889 40088,"Chandigarh Housing Board Society, Sector 49, Chandigarh, 160047, India",Mohali,5,8,ChIJueP3qQPvDzkRcOJrFLLB_I8,google_maps,2026-08-04T16:16:34
WEBSOFT SOLUTIONS,websoftsolutions.co.in,,"near Gurdwara Road, Sector 119, Balongi, Sahibzada Ajit Singh Nagar, Punjab 140301, India",Mohali,5,4,ChIJvUP1X0zvDzkRoUFyNoiUeRE,google_maps,2026-08-04T16:16:34
Web Spider Infotech,webspiderinfotech.com,085590 61995,"3rd Floor, D-258, GR Tower, Industrial Area, Sector 75, Sahibzada Ajit Singh Nagar, Punjab 160055, India",Mohali,4.9,16,ChIJU1wX2NnvDzkRCyYfPoL7qDQ,google_maps,2026-08-04T16:16:34
WebSplend Software Development Services,websplend.com,085805 01114,"1st Floor, near Piccadily Square Mall, Sub Center, Sector 34A, Sector 34, Chandigarh, 160022, India",Mohali,5,15,ChIJp6dCjpTtDzkRs80jeMCf914,google_maps,2026-08-04T16:16:34
Webstones IT Solutions LLP - A Complete Webstore,webstones.in,0172 417 0499,"F-26, Top Floor, Phase-8, Industrial Area, Sector 73, Sahibzada Ajit Singh Nagar, Punjab 160071, India",Mohali,4.1,22,ChIJwU8cyrftDzkRKXVbwqMUvKc,google_maps,2026-08-04T16:16:34
Webswhiz,webswhiz.com,086999 96363,"Dharamgarh, Sahibzada Ajit Singh Nagar, Punjab 140306, India",Mohali,4.9,45,ChIJi2cJSuPrDzkRu-2-TU04MwY,google_maps,2026-08-04T16:16:34
Webtech IT Solutions,webtechitsolutions.com,070188 46053,"SCO-10 , 2nd floor, main road, Shahi Majra, Phase 5, Industrial Area, Sector 58, Sahibzada Ajit Singh Nagar, Punjab 160055, India",Mohali,4.1,16,ChIJC0fUEQ_sDzkRvxa1FrzP2Hs,google_maps,2026-08-04T16:16:34
WebThreeX,webthreex.com,082643 09341,"Plot no 743, Sector 82, JLPL Industrial Area, Sahibzada Ajit Singh Nagar, Punjab 160055, India",Mohali,5,32,ChIJ5zk4t8npDzkRNufIeGoMoIw,google_maps,2026-08-04T16:16:34
Wegile,wegile.com,040 8641 3645,"E 41, Phase-8, Industrial Area, Sahibzada Ajit Singh Nagar, Punjab 160071, India",Mohali,4,51,ChIJaw6A__buDzkRBD8gSju5nSE,google_maps,2026-08-04T16:16:34
White City 92,whitecity92.com,,"Site Office 1, Sector 92, Sahibzada Ajit Singh Nagar, Punjab 140307, India",Mohali,3.9,7,ChIJi_7m5V7vDzkRgPKDm4tUhPA,google_maps,2026-08-04T16:16:34
WhiteHat Coders,whitehatcoders.com,098788 61304,"Plot No. C-133 , Fourth Floor , Industrial Area, Phase-8, Sector-72, Sector 73, Sahibzada Ajit Singh Nagar, Punjab 160072, India",Mohali,4.9,102,ChIJtcapwMPvDzkRkN6HYLUIn80,google_maps,2026-08-04T16:16:34
"Whiz Web Tech - Web Design, Development & SEO in Mohali",whizwebtech.com,078889 41676,"West, 39B, Sector 39, Sahibzada Ajit Singh Nagar, Chandigarh, Punjab 160036, India",Mohali,5,3,ChIJr0PzgnjvDzkRMhfw33mYCho,google_maps,2026-08-04T16:16:34
WindowIT Technologies,windowit.in,098764 27280,"SCF 61, 1st Floor, Phase 11, Sector 65, Sahibzada Ajit Singh Nagar, Punjab 160062, India",Mohali,4.5,88,ChIJQ7IMaQXsDzkRaRlxC43wwFQ,google_maps,2026-08-04T16:16:34
World Tech 67,worldtech.org.in,098148 26266,"Plot no, ITC 10, near Municipal building, Sector 67, Sahibzada Ajit Singh Nagar, Punjab 160062, India",Mohali,4.5,125,ChIJPQ1ZDrfvDzkRzs8CY5GaMPc,google_maps,2026-08-04T16:16:34
Xorosoft Technologies,xorosoft.com,,"Bestech Business Tower, Parkview Residence Colony, Industrial Area Mohali Phase 9, Sahibzada Ajit Singh Nagar, Punjab 160062, India",Mohali,3.5,11,ChIJRa0NOi3tDzkRPLPJyJfQTLU,google_maps,2026-08-04T16:16:34
Xseez web technologies,xseezwebtechnologies.com,,"Sector 34B, Sector 34, Chandigarh, 160034, India",Mohali,5,5,ChIJP8I6SHHtDzkRqcZVICzL7hI,google_maps,2026-08-04T16:16:34
YKR Agency,ykragency.com,,"5th Floor, Plot no. 341, near Globe Toyota Showroom, Industrial Area, Industrial Area Mohali Phase 9, Sahibzada Ajit Singh Nagar, Punjab 160062, India",Mohali,5,4,ChIJkw0WN4btDzkRMmeMFUE66Fc,google_maps,2026-08-04T16:16:34
Zero IT Solutions,zeroitsolutions.com,079862 32189,"First Floor, D-160, Phase-8, Industrial Area, Sector 73, Sahibzada Ajit Singh Nagar, Punjab 160071, India",Mohali,4.3,92,ChIJWYRNnV_uDzkRT0QXs-sp-N4,google_maps,2026-08-04T16:16:34
ZestGeek Solutions,zestgeek.com,099885 34287,"3rd Floor, Mohali Tower, F-539, Phase 8B, Industrial Area, Sector 74, Sahibzada Ajit Singh Nagar, Punjab 160055, India",Mohali,4.9,34,ChIJN9iii__uDzkReAIOltiK7OU,google_maps,2026-08-04T16:16:34
Zupe Technology,zupe.co,0172 465 1055,"B-412 & B-414, 4th, Bestech Business Tower, Parkview Residence Colony, Sector 66, Sahibzada Ajit Singh Nagar, Punjab 160062, India",Mohali,4.5,12,ChIJl6r0c_LtDzkRkgmC7h7yOLk,google_maps,2026-08-04T16:16:34
Zygobit,zygobit.com,077195 24763,"Office no. A001, Bestech Business Tower, Parkview Residence Colony, Tarf Kumbra, Sahibzada Ajit Singh Nagar, Punjab 160062, India",Mohali,4.9,20,ChIJ18wRdP-PQEIRpYKd8hQahpk,google_maps,2026-08-04T16:16:34
