rank,score,name,domain,source,pre2024_grade,corroborators,owned_ip,dev_wording,jd_chars,repo_host_hits,review_gate_hits,cicd_hits,years_active,extraction_verified,final_url,ownip_quote,city
1,65,Pixdynamics,pixdynamics.com,ITDIR:infopark,NONE,-,True,True,26359,10,3,7,0,False,https://pixdynamics.com,"ng with centralized, smart management tools. OUR PRODUCTS Future Ready Products, Powered b",Kochi
2,60,Focaloid Technologies Private Limited,focaloid.com,ITDIR:infopark,NONE,-,True,True,9741,0,2,1,0,False,https://www.focaloid.com/,"ots A governed, action-taking AI layer over your product and APIs. Agentic AI Development ",Kochi
3,55,iSQUARE Business Solution Private Limited,isquarebs.com,ITDIR:sida,NONE,-,True,True,30320,1,0,1,0,False,https://www.isquarebs.com/,f custom software development. Let’s Discuss Our Products Right from app development to sc,Madurai
4,55,ALTOS Technologies,altostechnologies.in,ITDIR:infopark,PROVEN_EQUIV,wayback,True,True,15588,0,0,0,0,True,https://altostechnologies.in,ftware. Know More CRM --> 3D Modeling Bring your products and services to life with captiv,Kochi
5,50,SnippetCommerce360 Pvt Ltd,snippetcommerce360.com,ITDIR:infopark,NONE,-,False,True,422658,1,1,1,0,False,https://snippetcommerce360.com,,Kochi
6,50,Cloudium Software Pvt. Ltd.,cloudium.io,ITDIR:infopark,PROVEN_EQUIV,copyright+wayback,True,True,3676,0,0,0,0,False,https://www.cloudium.io/,"itecture, until we arrive at a blueprint of your product, which is then discussed with you",Kochi
7,50,Braddock Infotech Pvt. Ltd.,braddockinfotech.com,ITDIR:infopark,PROVEN_EQUIV,copyright+wayback,True,True,3374,0,0,0,0,False,https://braddockinfotech.com,"ties and security devices. Products Checkout our products Voice, Data and Video Provisioni",Kochi
8,50,Carol Solutions,carolsolutions.com,ITDIR:infopark,PROVEN_EQUIV,wayback,True,True,3203,0,0,0,0,False,https://carolsolutions.com,he needs of businesses worldwide. More about our products and features Bespoke Solutions: ,Kochi
9,50,42Square Technologies,42square.ai,ITDIR:infopark,PROVEN_EQUIV,wayback,True,True,0,0,0,0,0,False,https://42square.ai,"se the people we bring in shape our culture, our product, and how we work together every d",Kochi
10,45,Innovature Software Labs (P) Ltd,innovature.ai,ITDIR:infopark,NONE,-,True,True,64022,8,0,0,0,False,https://innovature.ai,"lopment , and quality engineering to ensure your product is scalable and secure leading to",Kochi
11,45,CCS Technologies (P) Ltd,ccs-technologies.com,ITDIR:infopark,PROVEN_EQUIV,wayback,False,True,62451,8,0,0,0,False,https://ccs-technologies.com,,Kochi
12,45,Pinmicro India Pvt.Ltd.,pinmicro.com,ITDIR:infopark,NONE,-,True,True,62085,8,0,0,0,False,https://pinmicro.com,"on-necessary Non-necessary SAVE &amp; ACCEPT Our Product, Your Business Boost your Busines",Kochi
13,45,Neork Technologies,neork.com,ITDIR:infopark,NONE,-,True,True,60852,8,0,0,0,False,https://www.neork.com/,usiness needs. Read More View More Solutions Our Products Video Analytics Solutions Asset ,Kochi
14,45,Vinga Software Solutions Private Limited,vinga.biz,ITDIR:sida,NONE,-,True,True,60707,8,0,0,0,False,https://www.vinga.biz/,t is with great pleasure that I acknowledge your Product Bautomate having been validated b,Trichy
15,45,Apps Team Technologies Pvt.Ltd.,appsteamtechnologies.com,ITDIR:infopark,PROVEN_EQUIV,copyright+wayback,False,True,60379,8,0,0,0,False,https://appsteamtechnologies.com,,Kochi
16,45,Advenser Engineering Services Private Limited,advenser.com,ITDIR:infopark,EXISTED_2COR,copyright+wayback,False,False,46258,1,0,0,0,False,https://www.advenser.com/,,Kochi
17,45,Embien Technologies India Private Limited,embien.com,ITDIR:sida,NONE,-,True,True,34622,0,0,1,0,False,https://www.embien.com/,ghts Technology Insights Industrial Insights Our Products Sparklet GUI Library RAPIDSEA Su,Madurai
18,45,Silverbloom Technologies,silverbloom.com,ITDIR:infopark,SOURCE_ONLY,copyright,True,True,20936,1,0,0,0,False,https://www.silverbloom.com/,esigns Fitted for the Four Corners We design our products for the four corners of all type,Kochi
19,45,Dot Com Infoway,dotcominfoway.com,ITDIR:sida,SOURCE_ONLY,copyright,True,True,20165,4,0,0,0,False,https://www.dotcominfoway.com/,ty with AI-powered advertising designed for your products and business. From concept to cr,Madurai
20,45,Yatnam Technologies,yatnam.com,ITDIR:infopark,NONE,-,False,True,14534,3,1,1,0,False,https://yatnam.com,,Kochi
21,45,Zinbay India Pvt.Ltd.,zinbayindia.com,ITDIR:infopark,NONE,-,False,True,13665,9,1,1,0,False,https://zinbayindia.com,,Kochi
22,45,Abilytics Consulting Pvt Ltd,abilytics.com,ITDIR:infopark,PROVEN_EQUIV,wayback,False,True,3286,4,0,1,0,False,https://abilytics.com,,Kochi
23,40,Mitsogo,mitsogo.com,ITDIR:infopark,NONE,-,False,False,767198,2,2,0,0,False,https://mitsogo.com,,Kochi
24,35,MARLABS SOFTWARE,marlabs.com,ITDIR:infopark,NONE,-,True,True,52278,0,0,0,0,True,https://www.marlabs.com/,"s—not just reacting to issues. We make sure your products are always available, always sec",Kochi
25,35,Milestone Technologies,milestone.tech,ITDIR:infopark,NONE,-,True,False,38039,0,0,0,0,True,https://milestone.tech,"and faster while improving processes across your platform Learn More Digital Workplace, Cl",Kochi
26,35,Amplitude Software Systems Pvt Ltd,jupiterbs.com,ITDIR:infopark,PROVEN_EQUIV,wayback,False,True,21704,0,0,0,0,True,https://jupiterbs.com,,Kochi
27,35,Classic Technologies & Business Solutions Pvt. Ltd.,ctebs.com,ITDIR:infopark,DOMAIN_ONLY,wayback,True,False,10852,0,0,0,0,True,https://www.ctebs.com/,"India, Vietnam, Cambodia, Jordan and beyond. Our flagship product, Trendz CMP & Trendz Pla",Kochi
28,35,Airpay Financial Technologies Pvt. Ltd,airpay.co.in,ITDIR:infopark,DOMAIN_ONLY,wayback,True,False,6475,0,0,0,0,True,https://www.airpay.co.in/,"ticket numbers. PLUG, PLAY, GO-LIVE Connect your platform quickly with our intuitive APIs.",Kochi
29,30,Experion Technologies,experionglobal.com,ITDIR:infopark,NONE,-,True,True,18628,0,0,0,0,True,https://experionglobal.com,ise Human-Centric Digital Experience Talk to Our Product Strategists Transforming Enterpri,Kochi
30,30,Speridian Technologies Pvt Ltd,speridian.com,ITDIR:infopark,NONE,-,True,True,16232,0,0,0,0,True,https://speridian.com,utions that drive measurable business value. Our Products CaseXellence is an AI-powered pr,Kochi
31,30,Travancore Analytics Pvt.Ltd.,travancoreanalytics.com,ITDIR:infopark,NONE,-,True,True,14698,0,0,0,0,True,https://www.travancoreanalytics.com/,ered to meet evolving business needs Explore Our Products DataLens The Best Data Intellige,Kochi
32,30,9Commerce Technologies,commerce9.io,ITDIR:infopark,PROVEN_EQUIV,wayback,False,True,11278,0,0,0,0,True,https://commerce9.io,,Kochi
33,30,Larch Technologies,larch.in,ITDIR:sida,NONE,-,True,False,11058,0,0,0,0,True,https://larch.in,ly Sun Roofing Cable Assembly Safety Systems Our Products &#8594; Get in Touch Adopting IA,Madurai
34,30,AMIYON SOLUTIONS PVT LTD.,amiyon.com,ITDIR:infopark,PROVEN_EQUIV,wayback,False,True,9947,0,0,0,0,True,https://amiyon.com,,Kochi
35,30,JTSi Technologies India Private Limited,jtsiindia.com,ITDIR:infopark,NONE,-,True,True,9407,0,0,0,0,True,https://jtsiindia.com,develops the right solution for you Package Your product is packaged before release QA &am,Kochi
36,30,Infintor Solutions LLP,infintor.com,ITDIR:infopark,NONE,-,True,True,7000,0,0,0,0,True,https://www.infintor.com/,"day to day transactions and inventories of your products and services, this company gives ",Kochi
37,30,Seeroo IT Solutions,seeroo.com,ITDIR:infopark,NONE,-,True,True,6903,0,0,0,0,True,https://www.seeroo.com/,"pond to your inquiries, and inform you about our products, services, and promotions. You c",Kochi
38,30,Uplogic Technologies PVT LTD,uplogictech.com,ITDIR:sida,SOURCE_ONLY,copyright,True,True,6890,0,0,0,0,True,https://www.uplogictech.com/,ospitality Construction Travel Home Services Our Products SpotnRides &#8211; Taxi Booking ,Madurai
39,30,Dynactionize India Pvt Ltd,consono.ai,ITDIR:infopark,NONE,-,True,False,6674,0,0,0,0,True,https://consono.ai,"accessed becomes a bottleneck to execution. Our flagship product, Dynizer, acts as a seman",Kochi
40,30,Qubeslab Technologies Private Limited,qubeslab.com,ITDIR:infopark,SOURCE_ONLY,copyright,True,True,6608,0,0,0,0,True,https://qubeslab.com,port to ensure the quality and stability of your product 04 Product support We can support,Kochi
41,30,MindLabs Consultancy Services LLP,mindlabssolutions.com,ITDIR:infopark,SOURCE_ONLY,copyright,True,True,6318,0,0,0,0,True,http://mindlabssolutions.com,ovative concepts to corporations like yours. Our Products Let’s Get Started 01 We know you,Kochi
42,30,Aceware Fintech Services Pvt Ltd (Radiant Acemoney),acemoney.in,ITDIR:infopark,DOMAIN_ONLY,wayback,True,False,1317,0,0,0,0,False,https://acemoney.in,prise-Grade Financial Infrastructure See how our platform orchestrates millions of transac,Kochi
43,25,InerG Software Innovations Pvt.Ltd.,inerg.com,ITDIR:infopark,NONE,-,False,False,7075,0,1,1,0,False,https://inerg.com,,Kochi
44,25,Tech Aventure,techaventure.com,ITDIR:infopark,NONE,-,False,True,6510,0,1,0,0,False,https://techaventure.com,,Kochi
45,25,Navicater Solutions India Pvt Ltd,navicater.com,ITDIR:infopark,NONE,-,True,False,4881,0,0,0,0,False,https://navicater.com,professionals currently onboard. Trusted by Our Products Navicater Suite Intelligent AI ap,Kochi
46,25,MindLabs Systems Pvt Ltd,mindlabssys.com,ITDIR:infopark,SOURCE_ONLY,copyright,True,True,4646,0,0,0,0,False,https://mindlabssys.com,stunning e-commerce websites that showcase your products to developing immersive mobile sh,Kochi
47,25,adesso India Private Ltd,adesso.in,ITDIR:infopark,PROVEN_EQUIV,wayback,False,True,4345,0,0,0,0,False,https://www.adesso.in/en/index-12.jsp,,Kochi
48,25,2Hats Logic Solutions Pvt. Ltd.,2hatslogic.com,ITDIR:infopark,PROVEN_EQUIV,wayback,False,True,3889,0,0,0,0,False,https://www.2hatslogic.com/,,Kochi
49,25,Zapare Technologies Private Limited,zaparetech.com,ITDIR:infopark,NONE,-,True,False,3678,0,0,0,0,False,https://zaparetech.com,"chnology that makes healthcare work smarter. Our platforms remove complexity, increase acc",Kochi
50,25,GIS AXIOM Pvt. Ltd.,gisaxiom.com,ITDIR:infopark,NONE,-,True,True,3605,0,0,0,0,False,https://gisaxiom.com,Php Development Training On the Job Training Our Products akeyi Menu at your fingertip! An,Kochi
51,25,Origent Technologies,origent.in,ITDIR:infopark,NONE,-,True,True,3543,0,0,0,0,False,https://origent.in,nd social services domains. Two factors make our products stand out from our competitors. ,Kochi
52,25,Prevalent AI,prevalent.ai,ITDIR:infopark,NONE,-,True,False,3147,0,0,0,0,False,https://prevalent.ai,AI is that context. Speak to us Speak to us Our Products Security Data Fabric Exposure Man,Kochi
53,25,Daskalos virtual Academy pvt Limited,mytuitionapp.com,ITDIR:infopark,NONE,-,True,False,2985,0,0,0,0,False,https://mytuitionapp.com,(CT) support Capsule Notes Progress Reports Our Products Products in India Products in GCC,Kochi
54,25,BS Teknology Private Limited,bsteknology.com,ITDIR:sida,SOURCE_ONLY,copyright,True,True,2861,0,0,0,0,False,https://bsteknology.com,Internship --> Click to Call BS Academy --> our platform Is Your idea BS Teknology Private,Madurai
55,25,Terrific Minds Private Limited,terrificminds.com,ITDIR:infopark,SOURCE_ONLY,copyright,True,True,2711,0,0,0,0,False,https://www.terrificminds.com/,"althcare Healthcare Tech Powered by CuroTwin Our Products Built to eliminate complexity, a",Kochi
56,25,Pagematics India Pvt. Ltd.,pagematics.com,ITDIR:infopark,SOURCE_ONLY,copyright,True,True,2484,0,0,0,0,False,https://www.pagematics.com/,"r the quality assurance process, we launched our product confidently, with fewer issues, q",Kochi
57,25,Distinct Infotech Solutions,distinctinfotech.com,ITDIR:infopark,NONE,-,True,False,2481,0,0,0,0,False,https://www.distinctinfotech.com/,utions Distinct Infotech Solutions About DIS Our Products Bizzlink – Agent Remittances Cas,Kochi
58,25,Gizmeon Technologies Private Limited,gizmeon.com,ITDIR:infopark,NONE,-,True,False,2462,0,0,0,0,False,https://gizmeon.com,"blishers, and ad networks worldwide. Explore our platforms &rarr; Talk to us AI-first &mid",Kochi
59,25,iCanD ( VIRUDHUNAGAR SOFTWARE ANALYSIS PRIVATE LIMITED ),icand.in,ITDIR:sida,NONE,-,True,True,2423,0,0,0,0,False,https://icand.in,Home About us Products Industries Contact Us OUR PRODUCTS Yard Container Management and Pl,Madurai
60,25,Zamorins Solutions (P) Ltd,zamorinstech.com,ITDIR:infopark,NONE,-,True,True,2381,0,0,0,0,False,https://zamorinstech.com,"eadquartered in Des Moines, Iowa. Learn More Our Products Innovative Products Built to Sol",Kochi
61,25,CoolMinds Technologies Pvt Ltd.,coolmindsinc.com,ITDIR:infopark,PROVEN_EQUIV,wayback,False,True,2065,0,0,0,0,False,https://coolmindsinc.com,,Kochi
62,25,Yavun Technologies,webcontentor.com,ITDIR:infopark,NONE,-,True,True,1965,0,0,0,0,False,https://www.webcontentor.com/,oud SaaS Solutions How We Work Our Expertise Our Products Careers --> Contact Us About Us ,Kochi
63,25,Zlendo Technologies Private Limited,zlendo.com,ITDIR:sida,NONE,-,True,True,1672,0,0,0,0,False,https://zlendo.com,ridge imagination and execution. Book a Demo Our Products Tap into our ready-to-use digita,Madurai
64,25,GALTech Technologies Pvt Ltd,galtech.org,ITDIR:infopark,NONE,-,True,True,1587,0,0,0,0,False,https://www.galtech.org/,dly e-commerce solutions that help you sell your products online effectively. CRM &amp; ER,Kochi
65,25,Aarbee Structures Pvt.Ltd,aarbeestructures.com,ITDIR:infopark,EXISTED_2COR,copyright+wayback,False,False,1506,0,0,0,0,False,https://aarbeestructures.com,,Kochi
66,25,Admaren Tech Pvt Ltd,admaren.com,ITDIR:infopark,EXISTED_2COR,copyright+wayback,False,False,1487,0,0,0,0,False,https://www.admaren.com/,,Kochi
67,25,Techware Lab Pvt.Ltd.,techwarelab.com,ITDIR:infopark,NONE,-,True,True,1487,0,0,0,0,False,https://techwarelab.com,"eamlining operations to boosting efficiency, our platform has empowered businesses across ",Kochi
68,25,CHISQUARE LABS,chisquarelabs.com,ITDIR:infopark,PROVEN_EQUIV,wayback,False,True,1348,0,0,0,0,False,https://chisquarelabs.com,,Kochi
69,25,Nesa Software Pvt Ltd,nesasoftware.com,ITDIR:infopark,NONE,-,True,True,1324,0,0,0,0,False,https://www.nesasoftware.com/,ss processes and make data driven decisions. Our flagship platform integrates advanced AI ,Kochi
70,25,AVENTUS INFORMATICS,aventusinformatics.com,ITDIR:infopark,PROVEN_EQUIV,wayback,False,True,1229,0,0,0,0,False,https://www.aventusinformatics.com/,,Kochi
71,25,Glitz IT Solutions,glitzitsolutions.com,ITDIR:infopark,NONE,-,True,True,1154,0,0,0,0,False,https://glitzitsolutions.com,"ministration, finance, and support services. OUR PRODUCTS Solace ERP Hospital Management S",Kochi
72,25,Pumex InfoTech Pvt Ltd,pumexinfotech.com,ITDIR:infopark,NONE,-,True,True,933,0,0,0,0,False,https://www.pumexinfotech.com/,ng Systems designed to grow seamlessly with your product and infrastructure requirements. ,Kochi
73,25,Obidos Technologies (P) Ltd,obidostech.com,ITDIR:infopark,SOURCE_ONLY,copyright,True,True,915,0,0,0,0,False,https://www.obidostech.com/,"on Admission, Livius Prep PRODUCTS Check out our products BillerMax, BookAToken, Pradakshi",Kochi
74,25,Tecnostac Systems Private Limited,tecnostac.com,ITDIR:infopark,NONE,-,True,False,853,0,0,0,0,False,https://tecnostac.com,Your Trusted Partner in Core Banking Systems Our Products Our Blogs Our Team Our Contact B,Kochi
75,25,Niche Techies,nichetechies.com,ITDIR:infopark,SOURCE_ONLY,copyright,True,False,670,0,0,0,0,False,https://nichetechies.com,Niche Techies About Digitize Hire Right Our Products Blog Get in Touch Digitize your Busin,Kochi
76,25,RUBY SEVEN STUDIOS,rubyseven.in,ITDIR:infopark,NONE,-,True,False,568,0,0,0,0,False,https://www.rubyseven.in/,designers to bring over 300 unique games to our platform. Your patrons will find the games,Kochi
77,25,Datum Innovation,datuminnovation.com,ITDIR:infopark,SOURCE_ONLY,copyright,True,True,333,0,0,0,0,False,https://datuminnovation.com,"n support and technical support. Contact Now Our Products ""Explore our range of innovative",Kochi
78,25,Amla Consultancy Pvt Ltd,amlaconsultancy.com,ITDIR:infopark,PROVEN_EQUIV,copyright+wayback,False,True,0,0,0,0,0,False,https://amlaconsultancy.com,,Kochi
79,25,Appadore Private Limited,appadore.com,ITDIR:infopark,PROVEN_EQUIV,wayback,False,True,0,0,0,0,0,False,https://appadore.com,,Kochi
80,25,BroadTech IT Solutions Pvt Ltd,broadtech-innovations.com,ITDIR:infopark,PROVEN_EQUIV,copyright+wayback,False,True,0,0,0,0,0,False,https://www.broadtech-innovations.com/,,Kochi
81,25,CodeDesign Technologies Pvt Ltd,codedesign.in,ITDIR:infopark,PROVEN_EQUIV,wayback,False,True,0,0,0,0,0,False,https://codedesign.in,,Kochi
82,25,BJ Corps Technologies (OPC) Private Limited,bjcorps.com,ITDIR:infopark,EXISTED_2COR,copyright+wayback,False,False,0,0,0,0,0,False,https://www.bjcorps.com/,,Kochi
83,25,CareRevenue Technology Pvt. Ltd.,carerevenue.com,ITDIR:infopark,EXISTED_2COR,copyright+wayback,False,False,0,0,0,0,0,False,https://carerevenue.com,,Kochi
84,25,CEREIV Advisory LLP,cereiv.com,ITDIR:infopark,EXISTED_2COR,copyright+wayback,False,False,0,0,0,0,0,False,https://cereiv.com,,Kochi
85,25,Crossgen Technologies,crossgentech.com,ITDIR:infopark,EXISTED_2COR,copyright+wayback,False,False,0,0,0,0,0,False,https://crossgentech.com,,Kochi
86,25,Aalpha Net Solutions,aalphanetsolution.com,ITDIR:sida,NONE,-,True,False,0,0,0,0,0,False,https://www.aalphanetsolution.com/,your extensions. .net .com .org .us Choose Your Products &nbsp;DOMAIN NAME 2 Free Email Ad,Madurai
87,25,Analytics Aura Private Limited,analyticsaura.com,ITDIR:sida,NONE,-,True,False,0,0,0,0,0,False,https://analyticsaura.com,"latform Unlock rapid, data-driven decisions. Our framework-based platform streamlines your",Madurai
88,25,Avgira Technologies India Private Limited,avgira.com,ITDIR:sida,NONE,-,True,True,0,0,0,0,0,False,https://avgira.com,", and strategy execution in real operations. Our Products At AVGIRA, we specialize in inno",Madurai
89,25,Balanetra Technologies,balanetra.com,ITDIR:sida,NONE,-,True,False,0,0,0,0,0,False,https://balanetra.com,", Easy Accessibility and User Simple design. Our products are customer centric. We are col",Madurai
90,25,Dot In Technologies,dotintech.com,ITDIR:infopark,NONE,-,True,True,0,0,0,0,0,False,https://dotintech.com,lopment Company in India Dot In Technologies Our Product Services AI Solutions FAQ Get in ,Kochi
91,25,EMATRIX SOFTWARE PRIVATE LIMITED,ematrixsoftware.com,ITDIR:infopark,SOURCE_ONLY,copyright,True,False,0,0,0,0,0,False,https://ematrixsoftware.com,ta and information that are entrusted to us. Our platform was designed and built with high,Kochi
92,25,Eqsoft Business Solutions Pvt Ltd,eqsoftonline.com,ITDIR:infopark,NONE,-,True,False,0,0,0,0,0,False,https://www.eqsoftonline.com/,c to meet your unique business architecture. Our Products Solutions Crafted for Modern Bus,Kochi
93,25,Intbrains Private Limited,intbrains.com,ITDIR:infopark,NONE,-,True,True,0,0,0,0,0,False,https://intbrains.com,he full lifecycle. Platform + Services Model Proprietary platforms backed by managed exper,Kochi
94,25,iTianz (Software Solution),itianz.com,ITDIR:sida,NONE,-,True,True,0,0,0,0,0,False,https://itianz.com,oad more Design Website Mobile Apps Strategy Our Products Showcase the Teams of Management,Madurai
95,25,Voyager IT Solutions Pvt Ltd,itvoyager.com,ITDIR:infopark,SOURCE_ONLY,copyright,True,True,0,0,0,0,0,False,https://www.itvoyager.com/,"Since Voyager IT Solutions, Infopark, India. Our Products Presenting A Range of Digital Pl",Kochi
96,25,Mantra IT Solutions,mantraitsolutions.in,ITDIR:infopark,NONE,-,True,False,0,0,0,0,0,False,https://mantraitsolutions.in,"ustomers, making them more likely to choose your products or services over others. Our inn",Kochi
97,25,Maxxion Systems Private Limited,maxxion.com,ITDIR:infopark,NONE,-,True,True,0,0,0,0,0,False,https://maxxion.com,nderstanding your vision will help us craft your product and bring it to market. Let’s Get,Kochi
98,25,Meditechnos Solutions Private limited,meditechnos.com,ITDIR:sida,NONE,-,True,False,0,0,0,0,0,False,https://meditechnos.com,and communicate with them more effectively. Your platform has completely transformed how I,Chennai
99,25,Onesoft Technologies LLP,onesoftapps.com,ITDIR:infopark,NONE,-,True,True,0,0,0,0,0,False,https://onesoftapps.com,"ation, strategy, and engineering excellence. Our Product Comprehensive solution for pharma",Kochi
100,25,Ravenan Technologies,ravenan.com,ITDIR:sida,NONE,-,True,True,0,0,0,0,0,False,https://ravenan.com,"ull stack developers exclusively focused on your product, bringing extensive experience to",Aruppukottai
101,25,RedBlack Technologies Private Limited,redblacksoftware.com,ITDIR:infopark,NONE,-,True,False,0,0,0,0,0,False,https://redblacksoftware.com,"er you manage 2,500 accounts or 250,000&nbsp;our platform unifies your financial data acro",Kochi
102,25,Retyn Business Solution Pvt. Ltd.,retyn.ai,ITDIR:infopark,NONE,-,True,False,0,0,0,0,0,False,https://www.retyn.ai/,Adaptive growth solutions for every industry Our platform is built to adapt to your busine,Kochi
103,25,Rextech Studios,rextechstudios.com,ITDIR:infopark,SOURCE_ONLY,copyright,True,False,0,0,0,0,0,False,https://rextechstudios.com,nch &amp; Support Deploying and maintaining your product. Course Level Up Your Skills With,Kochi
104,25,SCMAI Digital,scmaidigital.com,ITDIR:sida,SOURCE_ONLY,copyright,True,False,0,0,0,0,0,False,https://scmaidigital.com,"your target audience. We digitally promote your product via short videos, catchy texts and",Madurai
105,25,Techgentsia Software Technologies Private Limited,techgentsia.com,ITDIR:infopark,SOURCE_ONLY,copyright,True,False,0,0,0,0,0,False,https://techgentsia.com,brand name VMeet. View the complete timeline Our Products View all products We value your ,Kochi
106,20,Tranzmeo,tranzmeo.com,ITDIR:infopark,NONE,-,False,False,872762,8,0,1,0,False,https://tranzmeo.com,,Kochi
107,20,SupportHub360,supporthub360.com,ITDIR:infopark,NONE,-,False,False,73753,8,0,0,0,False,https://www.supporthub360.com.au/,,Kochi
108,20,Techmango IT Solutions,techmango.net,ITDIR:sida,NONE,-,False,True,73655,8,0,0,0,False,https://www.techmango.net/,,Chennai
109,20,Inspite Technologies Pvt.Ltd,inspitetech.com,ITDIR:infopark,NONE,-,False,True,63180,8,0,0,0,False,https://inspitetech.com,,Kochi
110,20,Technowave ID Systems PVT.LTD.,technowavegroup.com,ITDIR:infopark,NONE,-,False,True,61292,8,0,0,0,False,https://technowavegroup.com,,Kochi
111,20,Techmango Consulting Services Private Ltd,bautomate.com,ITDIR:sida,NONE,-,False,False,61091,8,0,0,0,False,https://bautomate.com,,Madurai
112,20,Violet Frames,violetframes.com,ITDIR:infopark,NONE,-,False,False,60119,8,0,0,0,False,https://violetframes.com,,Kochi
113,20,Pearlsoft Technologies LLP,pearlsofttechnologies.com,ITDIR:infopark,NONE,-,False,True,59467,1,0,0,0,False,https://pearlsofttechnologies.com,,Kochi
114,20,Dee and Lee Services,deeandlee.com,ITDIR:infopark,NONE,-,False,True,58451,8,0,0,0,False,https://deeandlee.com,,Kochi
115,20,Vaisesika Consulting Private Limited,vaisesikaconsulting.com,ITDIR:infopark,SOURCE_ONLY,copyright,False,True,51442,0,0,6,0,False,https://vaisesikaconsulting.com,,Kochi
116,20,Windfall Productions Pvt.Ltd.,windfallproductions.org,ITDIR:infopark,NONE,-,False,False,23477,7,0,1,0,False,https://windfallproductions.org,,Kochi
117,20,Testing Mavens Software Pvt Ltd,testingmavens.com,ITDIR:infopark,NONE,-,True,False,6734,0,0,0,0,True,https://www.testingmavens.com/,Built Around You. We don&#x27;t sell a tool. Our platform changes the way you test We embe,Kochi
118,20,Zealogics IT Solutions,zealogics.com,ITDIR:infopark,NONE,-,False,True,4203,1,0,2,0,False,https://zealogics.com,,Kochi
119,15,ALB Technologies Pvt Ltd,accuratelegalbilling.com,ITDIR:infopark,DOMAIN_ONLY,wayback,False,False,22891,0,0,0,0,True,https://www.accuratelegalbilling.com/,,Kochi
120,15,Pinetech IT Solutions P Ltd,pinetech.in,ITDIR:infopark,NONE,-,False,True,11723,8,0,0,0,False,https://pinetech.in,,Kochi
121,15,Wazeefa1 Technologies Pvt. Ltd.,wazeefa.in,ITDIR:infopark,NONE,-,False,True,9857,6,0,1,0,False,https://wazeefa.in,,Kochi
122,10,SMEC Automation Pvt Ltd,smeclabs.com,ITDIR:infopark,NONE,-,False,False,47687,0,0,0,0,True,https://www.smeclabs.com/,,Kochi
123,10,Linnk Outsource Solutions India Pvt Ltd,linnk.com,ITDIR:infopark,NONE,-,False,False,33261,0,0,0,0,True,https://www.linnk.com/,,Kochi
124,10,Orestes Technologies Pvt Ltd,orestestech.com,ITDIR:infopark,NONE,-,False,True,20937,0,0,0,0,True,https://www.orestestech.com/,,Kochi
125,10,Aspire Systems Digital Private Limited,aspiresys.com,ITDIR:infopark,DOMAIN_ONLY,wayback,False,False,10744,0,0,0,0,True,https://www.aspiresys.com:443/,,Kochi
126,10,Applied Payments Technology Pvt Ltd.,appliedpaymentstech.com,ITDIR:infopark,DOMAIN_ONLY,wayback,False,False,7972,0,0,0,0,True,https://appliedpaymentstech.com,,Kochi
127,10,BIMEX Engineers,bimexeng.com,ITDIR:infopark,DOMAIN_ONLY,wayback,False,False,6451,0,0,0,0,True,https://bimexeng.com,,Kochi
128,10,Apro IT Solutions Pvt Ltd,aproitsolutions.com,ITDIR:infopark,DOMAIN_ONLY,wayback,False,False,5187,0,0,0,0,True,https://aproitsolutions.com,,Kochi
129,10,Incede Technologies Pvt Ltd,incedetech.ai,ITDIR:infopark,NONE,-,False,True,3581,0,0,1,0,False,https://incedetech.ai,,Kochi
130,5,Greenworld International Enterprise Private Limited,greenworldin.in,ITDIR:infopark,NONE,-,False,False,19984,0,0,0,0,True,https://greenworldin.in,,Kochi
131,5,VVDN Technologies Pvt Ltd,vvdntech.com,ITDIR:infopark,NONE,-,False,True,19552,0,0,0,0,True,https://www.vvdntech.com/,,Kochi
132,5,MarketBytes WebWorks Private Limited,marketbytes.in,ITDIR:infopark,NONE,-,False,False,18969,0,0,0,0,True,https://www.marketbytes.in/,,Kochi
133,5,Focal ME Design Solutions Pvt Ltd,focalpm.com,ITDIR:infopark,NONE,-,False,False,15370,0,0,0,0,True,https://www.focalpm.com/,,Kochi
134,5,KL Koncepts Lab Media and IT Park,konceptslab.com,ITDIR:infopark,NONE,-,False,False,13744,0,0,0,0,True,https://konceptslab.com,,Kochi
135,5,Techversant Infotech Pvt Ltd,techversantinfotech.com,ITDIR:infopark,NONE,-,False,False,10113,0,0,0,0,True,https://techversantinfotech.com,,Kochi
136,5,Tech Gazebo Solutions Private Limited,techgazebos.com,ITDIR:sida,NONE,-,False,True,9220,0,0,0,0,True,https://techgazebos.com,,Madurai
137,5,TouchWorld Technology,touchworldtech.com,ITDIR:infopark,SOURCE_ONLY,copyright,False,True,9053,0,0,0,0,True,https://touchworldtech.com,,Kochi
138,5,Zellis HR India Pvt.Ltd.,zellis.com,ITDIR:infopark,NONE,-,False,False,8792,0,0,0,0,True,https://www.zellis.com/,,Kochi
139,5,Regent Global Services (India) Pvt.Ltd.,rgsin.com,ITDIR:infopark,NONE,-,False,True,8778,0,0,0,0,True,https://rgsin.com,,Kochi
140,5,Extravelmoney Technosol Private Limited,extravelmoney.com,ITDIR:infopark,NONE,-,False,False,8410,0,0,0,0,True,https://www.extravelmoney.com/,,Kochi
141,5,Exponential Digital Solutions Pvt.Ltd.,10xds.com,ITDIR:infopark,NONE,-,False,False,8366,0,0,0,0,True,https://10xds.com,,Kochi
142,5,DSS Private Limited,sisn.com,ITDIR:sida,NONE,-,False,False,8256,0,0,0,0,True,https://sisn.com,,Madurai
143,5,Kakapo Systems India Private Limited,kakaposystems.com,ITDIR:infopark,NONE,-,False,False,7340,0,0,0,0,True,https://www.kakaposystems.com/,,Kochi
144,5,Wink Technologies,downloadwink.com,ITDIR:sida,NONE,-,False,False,7200,0,0,0,0,True,https://www.downloadwink.com/,,Madurai
145,5,Pueblo Shades Pvt.Ltd,puebloshades.com,ITDIR:infopark,NONE,-,False,True,6668,0,0,0,0,True,https://puebloshades.com,,Kochi
146,5,Jachoos Technologies Private Limited,jachoos.com,ITDIR:infopark,SOURCE_ONLY,copyright,False,True,6439,0,0,0,0,True,https://www.jachoos.com/,,Kochi
147,5,ThoughtMinds System Pvt Ltd,thoughtminds.ai,ITDIR:infopark,NONE,-,False,True,6147,0,0,0,0,True,https://thoughtminds.ai,,Kochi
148,5,LINXAS IT CONSULTING PRIVATE LIMITED,linxas.com,ITDIR:infopark,NONE,-,False,True,6032,0,0,0,0,True,https://linxas.com,,Kochi
149,5,Techpullers Technology Solutions Pvt Ltd.,techpullers.com,ITDIR:infopark,SOURCE_ONLY,copyright,False,False,5946,0,0,0,0,True,https://techpullers.com,,Kochi
150,5,MERP Systems Private Limited,merpsystems.com,ITDIR:infopark,NONE,-,False,False,5903,0,0,0,0,True,https://www.merpsystems.com/,,Kochi
151,5,Opshore Talent Solutions Pvt.Ltd.,opshoretalentsolutions.com,ITDIR:infopark,SOURCE_ONLY,copyright,False,False,5817,0,0,0,0,True,https://opshoretalentsolutions.com,,Kochi
152,5,EPI-USE India Pvt.Ltd.,epiuse.com,ITDIR:infopark,NONE,-,False,True,5716,0,0,0,0,True,https://www.epiuse.com/,,Kochi
153,5,Ynot Infosolutions,ynotinfo.com,ITDIR:infopark,NONE,-,False,False,5448,0,0,0,0,True,https://ynotinfo.com,,Kochi
154,5,KnowBe4 India Private Limited,knowbe4.com,ITDIR:infopark,NONE,-,False,False,5406,0,0,0,0,True,https://www.knowbe4.com/,,Kochi
155,5,Woxro,woxro.com,ITDIR:infopark,NONE,-,False,True,5201,0,0,0,0,True,https://woxro.com,,Kochi
156,5,Roberts Design Services,rdsind.co,ITDIR:infopark,NONE,-,False,False,5119,0,0,0,0,True,https://rdsind.co,,Kochi
157,5,Mantle Solutions Private Limited,mantlesolutions.in,ITDIR:infopark,NONE,-,False,False,5116,0,0,0,0,True,https://mantlesolutions.in,,Kochi
158,5,Voxtron Solutions LLP,voxtronme.com,ITDIR:infopark,NONE,-,False,False,5027,0,0,0,0,True,https://www.voxtronme.com/,,Kochi
159,5,Cavli Wireless,cavliwireless.com,ITDIR:infopark,DOMAIN_ONLY,wayback,False,False,4365,0,0,0,0,False,https://www.cavliwireless.com/,,Kochi
160,5,Ayata Commerce Tech Solutions Pvt Ltd,ayatacommerce.com,ITDIR:infopark,DOMAIN_ONLY,wayback,False,False,3326,0,0,0,0,False,https://ayatacommerce.com,,Kochi
161,5,Beth Soft Technologies India Private Limited,bethsofttechnologies.com,ITDIR:infopark,DOMAIN_ONLY,wayback,False,False,1422,0,0,0,0,False,https://bethsofttechnologies.com,,Kochi
162,5,CodeNext Technologies Pvt. Ltd.,codenexttechnologies.com,ITDIR:infopark,DOMAIN_ONLY,wayback,False,False,995,0,0,0,0,False,https://codenexttechnologies.com,,Kochi
163,5,Accelray Technologies Pvt Ltd,accelray.com,ITDIR:infopark,DOMAIN_ONLY,wayback,False,False,0,0,0,0,0,False,https://accelray.com,,Kochi
164,5,Cascade Revenue Management Pvt. Ltd,aimabms.com,ITDIR:infopark,DOMAIN_ONLY,wayback,False,False,0,0,0,0,0,False,https://aimabms.com,,Kochi
165,5,Bhooshan's Junior,bhooshansjr.in,ITDIR:infopark,DOMAIN_ONLY,wayback,False,False,0,0,0,0,0,False,https://bhooshansjr.in,,Kochi
166,5,ContactPoint 360,contactpoint360.com,ITDIR:infopark,DOMAIN_ONLY,wayback,False,False,0,0,0,0,0,False,https://contactpoint360.com,,Kochi
167,0,Expeed Software Private Limited,expeed.com,ITDIR:infopark,NONE,-,False,True,4872,0,0,0,0,False,https://www.expeed.com/,,Kochi
168,0,KOTT SOFTWARE PRIVATE LIMITED,kottsoftware.com,ITDIR:infopark,NONE,-,False,True,4806,0,0,0,0,False,https://kottsoftware.com,,Kochi
169,0,Unilaw Global Private Limited,unilawtech.com,ITDIR:infopark,NONE,-,False,True,4781,0,0,0,0,False,https://unilawtech.com,,Kochi
170,0,Founding Minds software Pvt.Ltd,foundingminds.com,ITDIR:infopark,NONE,-,False,True,4510,0,0,0,0,False,https://www.foundingminds.com/,,Kochi
171,0,Ormeon IT Consulting Pvt Ltd,ormeon.com,ITDIR:infopark,SOURCE_ONLY,copyright,False,True,4331,0,0,0,0,False,https://ormeon.com,,Kochi
172,0,In-Tech Group India Private Limited,in-tech.com,ITDIR:infopark,NONE,-,False,False,4297,0,0,0,0,False,https://in-tech.com,,Kochi
173,0,Vinga Software Solutions Private Limited,psyec.edu.in,ITDIR:sida,NONE,-,False,False,4279,0,0,0,0,False,https://psyec.edu.in,,Sivagangai
174,0,Verteil Technologies Private Limited,verteil.com,ITDIR:infopark,NONE,-,False,False,4236,0,0,0,0,False,https://www.verteil.com/,,Kochi
175,0,Vivish Technologies Private Limited,mygate.com,ITDIR:infopark,NONE,-,False,False,3984,0,0,0,0,False,https://mygate.com,,Kochi
176,0,Flycatch Infotech Pvt. Ltd.,flycatchtech.com,ITDIR:infopark,NONE,-,False,True,3972,0,0,0,0,False,https://www.flycatchtech.com/,,Kochi
177,0,Privo TechCorp Private Limited,privocorp.com,ITDIR:infopark,NONE,-,False,False,3865,0,0,0,0,False,https://privocorp.com,,Kochi
178,0,iDatalytics Pvt. Ltd.,idatalytics.com,ITDIR:infopark,NONE,-,False,True,3231,0,0,0,0,False,https://www.idatalytics.com/,,Kochi
179,0,IdeaGCS Private Limited,ideagcs.com,ITDIR:infopark,NONE,-,False,True,3170,0,0,0,0,False,https://ideagcs.com,,Kochi
180,0,Rainybits Technology Pvt Ltd,rainybits.com,ITDIR:infopark,SOURCE_ONLY,copyright,False,True,3093,0,0,0,0,False,https://rainybits.com,,Kochi
181,0,Hatio Innovations Private Limited,hatio.in,ITDIR:infopark,NONE,-,False,False,2932,0,0,0,0,False,https://hatio.in,,Kochi
182,0,Spiderline Technologies,spiderline.in,ITDIR:infopark,SOURCE_ONLY,copyright,False,False,2834,0,0,0,0,False,https://spiderline.in,,Kochi
183,0,Digiora Technologies Pvt.Ltd.,digiora.com,ITDIR:infopark,NONE,-,False,False,2787,0,0,0,0,False,https://www.digiora.com/,,Kochi
184,0,Difinity Digital,difinitydigital.com,ITDIR:infopark,NONE,-,False,True,2666,0,0,0,0,False,https://difinitydigital.com,,Kochi
185,0,Portrave Solutions Pvt Ltd,portrave.com,ITDIR:infopark,NONE,-,False,True,2595,0,0,0,0,False,https://www.portrave.com/,,Kochi
186,0,Thangamayil Limited,thangamayil.com,ITDIR:sida,NONE,-,False,False,2494,0,0,0,0,False,https://thangamayil.com,,Madurai
187,0,Telious Technologies Pvt Ltd,telious.com,ITDIR:infopark,NONE,-,False,True,2482,0,0,0,0,False,https://www.telious.com/,,Kochi
188,0,Clevero India Pvt. Ltd.,cleverotel.com,ITDIR:infopark,NONE,-,False,False,2382,0,0,0,0,False,https://cleverotel.com,,Kochi
189,0,Facade Global Pvt. Ltd.,facadeglobal.in,ITDIR:infopark,SOURCE_ONLY,copyright,False,False,2349,0,0,0,0,False,https://www.facadeglobal.in/,,Kochi
190,0,CloudHouse Technologies Pvt.Ltd,cloudhousetechnologies.com,ITDIR:infopark,NONE,-,False,True,2334,0,0,0,0,False,https://cloudhousetechnologies.com,,Kochi
191,0,UFours IT Solution Private Limited,ufours.com,ITDIR:sida,NONE,-,False,False,2286,0,0,0,0,False,https://ufours.com,,Madurai
192,0,EXACORE IT SOLUTIONS PRIVATE LIMITED,exacoreitsolutions.com,ITDIR:infopark,NONE,-,False,False,2271,0,0,0,0,False,https://exacoreitsolutions.com,,Kochi
193,0,Viewy Digital P(Ltd),viewydigital.com,ITDIR:infopark,SOURCE_ONLY,copyright,False,False,2253,0,0,0,0,False,https://viewydigital.com,,Kochi
194,0,Satsang Technologies,satsangtechnologies.com,ITDIR:sida,SOURCE_ONLY,copyright,False,False,2130,0,0,0,0,False,https://www.satsangtechnologies.com/,,Madurai
195,0,Fat Mac Technologies,fatmactech.com,ITDIR:sida,SOURCE_ONLY,copyright,False,True,2112,0,0,0,0,False,https://fatmactech.com,,Madurai
196,0,Fine Destination,finedestination.co.in,ITDIR:infopark,SOURCE_ONLY,copyright,False,False,2108,0,0,0,0,False,https://www.finedestination.co.in/,,Kochi
197,0,DBiz AI Solutions Pvt. Ltd.,dbiz.ai,ITDIR:infopark,NONE,-,False,False,1914,0,0,0,0,False,https://dbiz.ai,,Kochi
198,0,A T Video Networks Pvt Ltd,atnetindia.net,ITDIR:sida,NONE,-,False,False,1839,0,0,0,0,False,https://www.atnetindia.net/,,Madurai
199,0,ANT Solution,antsolution.in,ITDIR:sida,NONE,-,False,False,1837,0,0,0,0,False,https://www.antsolution.in/,,Madurai
200,0,TEMPLE CITY TECHNOLOGIES PRIVATE LIMITED,templecitytech.com,ITDIR:sida,NONE,-,False,True,1834,0,0,0,0,False,https://templecitytech.com,,Madurai
201,0,Carnegie Worldwide Services Pvt Ltd,carnegieworldwideservices.com,ITDIR:infopark,SOURCE_ONLY,copyright,False,False,1613,0,0,0,0,False,https://carnegieworldwideservices.com,,Kochi
202,0,Federal Operations and Services Ltd (FedServ),fedserv.co.in,ITDIR:infopark,NONE,-,False,False,1600,0,0,0,0,False,https://fedserv.co.in,,Kochi
203,0,Skybertech IT Innovation Pvt Ltd,skybertech.com,ITDIR:infopark,NONE,-,False,False,1487,0,0,0,0,False,https://skybertech.com,,Kochi
204,0,Penguin Data Centre Pvt.Ltd.,penguininc.com,ITDIR:infopark,SOURCE_ONLY,copyright,False,False,1425,0,0,0,0,False,https://www.penguininc.com/,,Kochi
205,0,INFOCYLANZ PVT. LTD.,infocylanz.com,ITDIR:infopark,SOURCE_ONLY,copyright,False,True,1404,0,0,0,0,False,https://infocylanz.com,,Kochi
206,0,Inspired Software Development (India) LLP,inseinc.com,ITDIR:infopark,SOURCE_ONLY,copyright,False,False,1358,0,0,0,0,False,https://inseinc.com,,Kochi
207,0,TECFORZ INNOVATIONS,tecforz.com,ITDIR:infopark,NONE,-,False,False,1271,0,0,0,0,False,https://tecforz.com,,Kochi
208,0,Titan Tech Emirates Pvt Ltd,titantechemirates.com,ITDIR:infopark,NONE,-,False,True,1243,0,0,0,0,False,https://titantechemirates.com,,Kochi
209,0,Ace Labs,acelabs.in,ITDIR:sida,NONE,-,False,True,1220,0,0,0,0,False,https://acelabs.in,,Madurai
210,0,Millennium InfoLogic,millinfo.net,ITDIR:infopark,NONE,-,False,True,1126,0,0,0,0,False,https://millinfo.net,,Kochi
211,0,Amara Raja Design Alpha Private Limited,amararajadesignalpha.com,ITDIR:infopark,NONE,-,False,False,1123,0,0,0,0,False,https://www.amararajadesignalpha.com/,,Kochi
212,0,Soulxes Technologies Pvt Ltd,soulxes.com,ITDIR:infopark,NONE,-,False,False,1078,0,0,0,0,False,https://www.soulxes.com/,,Kochi
213,0,MapleTech Space Pvt Ltd,mapletechspace.com,ITDIR:infopark,NONE,-,False,True,1054,0,0,0,0,False,https://mapletechspace.com,,Kochi
214,0,TNP Consultancy Private Limited,tnpconsultants.com,ITDIR:infopark,NONE,-,False,False,946,0,0,0,0,False,https://tnpconsultants.com,,Kochi
215,0,Gravity Business Process Private Limited,gravity-bp.com,ITDIR:infopark,NONE,-,False,False,921,0,0,0,0,False,https://gravity-bp.com,,Kochi
216,0,WOC Branding Systems Pvt Ltd,wocbranding.com,ITDIR:infopark,NONE,-,False,False,909,0,0,0,0,False,https://wocbranding.com,,Kochi
217,0,JohnTuringWatson Software Solutions Pvt Ltd,johnturingwatson.ai,ITDIR:infopark,NONE,-,False,False,907,0,0,0,0,False,https://johnturingwatson.ai,,Kochi
218,0,Redux (Network Redux),redux.co,ITDIR:infopark,NONE,-,False,False,780,0,0,0,0,False,https://redux.co,,Kochi
219,0,ELEMMENT FAÇADE Pvt Ltd,elemmentfacade.com,ITDIR:infopark,NONE,-,False,False,727,0,0,0,0,False,https://elemmentfacade.com,,Kochi
220,0,Noa Infosolutions LLP,noainfosolutions.com,ITDIR:infopark,NONE,-,False,True,705,0,0,0,0,False,https://noainfosolutions.com,,Kochi
221,0,BlueGenie Technologies Private Limited,bluegenietech.com,ITDIR:sida,SOURCE_ONLY,copyright,False,True,675,0,0,0,0,False,http://www.bluegenietech.com/,,Madurai
222,0,Softop Solutions Pvt Ltd,softopsolutions.com,ITDIR:infopark,NONE,-,False,True,636,0,0,0,0,False,https://softopsolutions.com,,Kochi
223,0,Tuttifrutti Games Pvt Ltd,tuttifrutti.in,ITDIR:infopark,NONE,-,False,False,565,0,0,0,0,False,https://tuttifrutti.in,,Kochi
224,-10,Lisbell Technologies Pvt Ltd,lisbell.com,ITDIR:infopark,NONE,-,False,False,949,0,0,0,0,False,https://lisbell.com,,Kochi
