domain,website,name,needs
2hatslogic.com,https://2hatslogic.com,2Hats Logic Solutions Pvt. Ltd.,wayback+homepage+careers
42square.ai,https://42square.ai,42Square Technologies,wayback+homepage+careers
commerce9.io,https://commerce9.io,9Commerce Technologies,wayback+homepage+careers
aarbeestructures.com,https://aarbeestructures.com,Aarbee Structures Pvt.Ltd,wayback+homepage+careers
abilytics.com,https://abilytics.com,Abilytics Consulting Pvt Ltd,wayback+homepage+careers
accelray.com,https://accelray.com,Accelray Technologies Pvt Ltd,wayback+homepage+careers
acemoney.in,https://acemoney.in,Aceware Fintech Services Pvt Ltd (Radiant Acemoney),wayback+homepage+careers
adesso.in,https://adesso.in,adesso India Private Ltd,wayback+homepage+careers
admaren.com,https://admaren.com,Admaren Tech Pvt Ltd,wayback+homepage+careers
advenser.com,https://advenser.com,Advenser Engineering Services Private Limited,wayback+homepage+careers
airpay.co.in,https://airpay.co.in,Airpay Financial Technologies Pvt. Ltd,wayback+homepage+careers
accuratelegalbilling.com,https://accuratelegalbilling.com,ALB Technologies Pvt Ltd,wayback+homepage+careers
altostechnologies.in,https://altostechnologies.in,ALTOS Technologies,wayback+homepage+careers
amararajadesignalpha.com,https://amararajadesignalpha.com,Amara Raja Design Alpha Private Limited,wayback+homepage+careers
gmail.com,https://gmail.com,Amatosoft,wayback+homepage+careers
amiyon.com,https://amiyon.com,AMIYON SOLUTIONS PVT LTD.,wayback+homepage+careers
amlaconsultancy.com,https://amlaconsultancy.com,Amla Consultancy Pvt Ltd,wayback+homepage+careers
jupiterbs.com,https://jupiterbs.com,Amplitude Software Systems Pvt Ltd,wayback+homepage+careers
appadore.com,https://appadore.com,Appadore Private Limited,wayback+homepage+careers
appliedpaymentstech.com,https://appliedpaymentstech.com,Applied Payments Technology Pvt Ltd.,wayback+homepage+careers
appsteamtechnologies.com,https://appsteamtechnologies.com,Apps Team Technologies Pvt.Ltd.,wayback+homepage+careers
aproitsolutions.com,https://aproitsolutions.com,Apro IT Solutions Pvt Ltd,wayback+homepage+careers
aspiresys.com,https://aspiresys.com,Aspire Systems Digital Private Limited,wayback+homepage+careers
aventusinformatics.com,https://aventusinformatics.com,AVENTUS INFORMATICS,wayback+homepage+careers
ayatacommerce.com,https://ayatacommerce.com,Ayata Commerce Tech Solutions Pvt Ltd,wayback+homepage+careers
banzan.co,https://banzan.co,Banzan Studios,wayback+homepage+careers
bethsofttechnologies.com,https://bethsofttechnologies.com,Beth Soft Technologies India Private Limited,wayback+homepage+careers
bhooshansjr.in,https://bhooshansjr.in,Bhooshan's Junior,wayback+homepage+careers
bimexeng.com,https://bimexeng.com,BIMEX Engineers,wayback+homepage+careers
binariesindia.com,https://binariesindia.com,Binaries,wayback+homepage+careers
bjcorps.com,https://bjcorps.com,BJ Corps Technologies (OPC) Private Limited,wayback+homepage+careers
braddockinfotech.com,https://braddockinfotech.com,Braddock Infotech Pvt. Ltd.,wayback+homepage+careers
braidtechnologies.com,https://braidtechnologies.com,Braid Technologies Pvt. Ltd,wayback+homepage+careers
broadtech-innovations.com,https://broadtech-innovations.com,BroadTech IT Solutions Pvt Ltd,wayback+homepage+careers
carerevenue.com,https://carerevenue.com,CareRevenue Technology Pvt. Ltd.,wayback+homepage+careers
carnegieworldwideservices.com,https://carnegieworldwideservices.com,Carnegie Worldwide Services Pvt Ltd,wayback+homepage+careers
carolsolutions.com,https://carolsolutions.com,Carol Solutions,wayback+homepage+careers
aimabms.com,https://aimabms.com,Cascade Revenue Management Pvt. Ltd,wayback+homepage+careers
cavliwireless.com,https://cavliwireless.com,Cavli Wireless,wayback+homepage+careers
ccs-technologies.com,https://ccs-technologies.com,CCS Technologies (P) Ltd,wayback+homepage+careers
cereiv.com,https://cereiv.com,CEREIV Advisory LLP,wayback+homepage+careers
chisquarelabs.com,https://chisquarelabs.com,CHISQUARE LABS,wayback+homepage+careers
cipherpeakpvtltd.com,https://cipherpeakpvtltd.com,CipherPeak Private Limited,wayback+homepage+careers
ctebs.com,https://ctebs.com,Classic Technologies & Business Solutions Pvt. Ltd.,wayback+homepage+careers
cleverotel.com,https://cleverotel.com,Clevero India Pvt. Ltd.,wayback+homepage+careers
cloudhousetechnologies.com,https://cloudhousetechnologies.com,CloudHouse Technologies Pvt.Ltd,wayback+homepage+careers
cloudium.io,https://cloudium.io,Cloudium Software Pvt. Ltd.,wayback+homepage+careers
cloudvice.com,https://cloudvice.com,CLOUDVICE,wayback+homepage+careers
codedesign.in,https://codedesign.in,CodeDesign Technologies Pvt Ltd,wayback+homepage+careers
codenexttechnologies.com,https://codenexttechnologies.com,CodeNext Technologies Pvt. Ltd.,wayback+homepage+careers
codmeric.com,https://codmeric.com,Codmeric Infotech Pvt. Ltd.,wayback+homepage+careers
coinoneglobal.com,https://coinoneglobal.com,Coinone Global Solutions Pvt Ltd,wayback+homepage+careers
consoulassociates.com,https://consoulassociates.com,Consoul Associates,wayback+homepage+careers
contactpoint360.com,https://contactpoint360.com,ContactPoint 360,wayback+homepage+careers
coolmindsinc.com,https://coolmindsinc.com,CoolMinds Technologies Pvt Ltd.,wayback+homepage+careers
crossgentech.com,https://crossgentech.com,Crossgen Technologies,wayback+homepage+careers
cse.com,https://cse.com,CSEIDC TECHNOLOGIES PVT LTD,wayback+homepage+careers
currentware.com,https://currentware.com,Currentware India Pvt Ltd.,wayback+homepage+careers
daddara.in,https://daddara.in,Daddara,wayback+homepage+careers
mytuitionapp.com,https://mytuitionapp.com,Daskalos virtual Academy pvt Limited,wayback+homepage+careers
idcglobal.com,https://idcglobal.com,Datafloat Technologies India Pvt Ltd,wayback+homepage+careers
datuminnovation.com,https://datuminnovation.com,Datum Innovation,wayback+homepage+careers
dbiz.ai,https://dbiz.ai,DBiz AI Solutions Pvt. Ltd.,wayback+homepage+careers
deeandlee.com,https://deeandlee.com,Dee and Lee Services,wayback+homepage+careers
difinitydigital.com,https://difinitydigital.com,Difinity Digital,wayback+homepage+careers
digiora.com,https://digiora.com,Digiora Technologies Pvt.Ltd.,wayback+homepage+careers
distinctinfotech.com,https://distinctinfotech.com,Distinct Infotech Solutions,wayback+homepage+careers
docgiant.in,https://docgiant.in,DOCGIANT SERVICES INDIA PVT.LTD.,wayback+homepage+careers
dooth.com,https://dooth.com,Dooth Internet Service Pvt. Ltd.,wayback+homepage+careers
dotintech.com,https://dotintech.com,Dot In Technologies,wayback+homepage+careers
consono.ai,https://consono.ai,Dynactionize India Pvt Ltd,wayback+homepage+careers
dynamedhealth.com,https://dynamedhealth.com,Dynamed Healthcare Solutions Pvt.Ltd.,wayback+homepage+careers
theegc.com,https://theegc.com,EGC Global Services India Pvt Ltd,wayback+homepage+careers
elemmentfacade.com,https://elemmentfacade.com,ELEMMENT FAÇADE Pvt Ltd,wayback+homepage+careers
ematrixsoftware.com,https://ematrixsoftware.com,EMATRIX SOFTWARE PRIVATE LIMITED,wayback+homepage+careers
emergiogames.com,https://emergiogames.com,Emergio Technologies Pvt Ltd,wayback+homepage+careers
empressinfotech.com,https://empressinfotech.com,Empress InfoTech,wayback+homepage+careers
emsyne.com,https://emsyne.com,Emsyne Technologies Private Limited,wayback+homepage+careers
endeion.com,https://endeion.com,Endeion Engineering Services Pvt.Ltd.,wayback+homepage+careers
energyscaperenewables.com,https://energyscaperenewables.com,EnergyScape Renewables LLP,wayback+homepage+careers
epiuse.com,https://epiuse.com,EPI-USE India Pvt.Ltd.,wayback+homepage+careers
eqsoftonline.com,https://eqsoftonline.com,Eqsoft Business Solutions Pvt Ltd,wayback+homepage+careers
estrotech.in,https://estrotech.in,Estro Tech Robotics and Innovations Pvt Ltd,wayback+homepage+careers
exacoreitsolutions.com,https://exacoreitsolutions.com,EXACORE IT SOLUTIONS PRIVATE LIMITED,wayback+homepage+careers
hr.in,https://hr.in,Exor India Pvt Ltd.,wayback+homepage+careers
expeed.com,https://expeed.com,Expeed Software Private Limited,wayback+homepage+careers
experionglobal.com,https://experionglobal.com,Experion Technologies,wayback+homepage+careers
10xds.com,https://10xds.com,Exponential Digital Solutions Pvt.Ltd.,wayback+homepage+careers
extravelmoney.com,https://extravelmoney.com,Extravelmoney Technosol Private Limited,wayback+homepage+careers
facadeglobal.in,https://facadeglobal.in,Facade Global Pvt. Ltd.,wayback+homepage+careers
fedserv.co.in,https://fedserv.co.in,Federal Operations and Services Ltd (FedServ),wayback+homepage+careers
finedestination.co.in,https://finedestination.co.in,Fine Destination,wayback+homepage+careers
firminiq.com,https://firminiq.com,FIRMINIQ SYSTEMS,wayback+homepage+careers
flycatchtech.com,https://flycatchtech.com,Flycatch Infotech Pvt. Ltd.,wayback+homepage+careers
focalpm.com,https://focalpm.com,Focal ME Design Solutions Pvt Ltd,wayback+homepage+careers
focaloid.com,https://focaloid.com,Focaloid Technologies Private Limited,wayback+homepage+careers
foundingminds.com,https://foundingminds.com,Founding Minds software Pvt.Ltd,wayback+homepage+careers
galtech.org,https://galtech.org,GALTech Technologies Pvt Ltd,wayback+homepage+careers
gewaninfotech.com,https://gewaninfotech.com,Gewan Info Tech Solutions India Pvt Ltd.,wayback+homepage+careers
gisaxiom.com,https://gisaxiom.com,GIS AXIOM Pvt. Ltd.,wayback+homepage+careers
gizmeon.com,https://gizmeon.com,Gizmeon Technologies Private Limited,wayback+homepage+careers
glitzitsolutions.com,https://glitzitsolutions.com,Glitz IT Solutions,wayback+homepage+careers
grapelime.in,https://grapelime.in,Grapelime Innovations Private Limited.,wayback+homepage+careers
gravity-bp.com,https://gravity-bp.com,Gravity Business Process Private Limited,wayback+homepage+careers
greenworldin.in,https://greenworldin.in,Greenworld International Enterprise Private Limited,wayback+homepage+careers
hatio.in,https://hatio.in,Hatio Innovations Private Limited,wayback+homepage+careers
hhbos.com,https://hhbos.com,HH Back Office Services Pvt Ltd,wayback+homepage+careers
hotpackglobal.com,https://hotpackglobal.com,Hotpack Global,wayback+homepage+careers
icodebees.com,https://icodebees.com,iCodeBees Private Limited,wayback+homepage+careers
idatalytics.com,https://idatalytics.com,iDatalytics Pvt. Ltd.,wayback+homepage+careers
ideagcs.com,https://ideagcs.com,IdeaGCS Private Limited,wayback+homepage+careers
mgtuition.com,https://mgtuition.com,IdealMG Educare LLP,wayback+homepage+careers
iksana.tech,https://iksana.tech,iKSANA Engineering & Management Consultants,wayback+homepage+careers
impaqtive.com,https://impaqtive.com,Impaqtive Technologies India Pvt Ltd,wayback+homepage+careers
in-tech.com,https://in-tech.com,In-Tech Group India Private Limited,wayback+homepage+careers
incedetech.ai,https://incedetech.ai,Incede Technologies Pvt Ltd,wayback+homepage+careers
industryapps.net,https://industryapps.net,IndustryApps Technologies Pvt Ltd,wayback+homepage+careers
inerg.com,https://inerg.com,InerG Software Innovations Pvt.Ltd.,wayback+homepage+careers
infintor.com,https://infintor.com,Infintor Solutions LLP,wayback+homepage+careers
infocylanz.com,https://infocylanz.com,INFOCYLANZ PVT. LTD.,wayback+homepage+careers
infosmart-technologies.com,https://infosmart-technologies.com,Infosmart Technologies Private Limited,wayback+homepage+careers
innovature.ai,https://innovature.ai,Innovature Software Labs (P) Ltd,wayback+homepage+careers
inseinc.com,https://inseinc.com,Inspired Software Development (India) LLP,wayback+homepage+careers
inspitetech.com,https://inspitetech.com,Inspite Technologies Pvt.Ltd,wayback+homepage+careers
intbrains.com,https://intbrains.com,Intbrains Private Limited,wayback+homepage+careers
interlandtech.com,https://interlandtech.com,Internland Technology Services Private Limited,wayback+homepage+careers
iwex.in,https://iwex.in,iWEX Infomatics,wayback+homepage+careers
jachoos.com,https://jachoos.com,Jachoos Technologies Private Limited,wayback+homepage+careers
jobinandjismi.com,https://jobinandjismi.com,Jobin & Jismi Pvt. Ltd.,wayback+homepage+careers
johnturingwatson.ai,https://johnturingwatson.ai,JohnTuringWatson Software Solutions Pvt Ltd,wayback+homepage+careers
jtsiindia.com,https://jtsiindia.com,JTSi Technologies India Private Limited,wayback+homepage+careers
kakaposystems.com,https://kakaposystems.com,Kakapo Systems India Private Limited,wayback+homepage+careers
katzion.com,https://katzion.com,Katzion Technology Solutions LLP,wayback+homepage+careers
konceptslab.com,https://konceptslab.com,KL Koncepts Lab Media and IT Park,wayback+homepage+careers
knowbe4.com,https://knowbe4.com,KnowBe4 India Private Limited,wayback+homepage+careers
kottsoftware.com,https://kottsoftware.com,KOTT SOFTWARE PRIVATE LIMITED,wayback+homepage+careers
krythium.com,https://krythium.com,Krythium Solutions Private Limited,wayback+homepage+careers
linnk.com,https://linnk.com,Linnk Outsource Solutions India Pvt Ltd,wayback+homepage+careers
linxas.com,https://linxas.com,LINXAS IT CONSULTING PRIVATE LIMITED,wayback+homepage+careers
lisbell.com,https://lisbell.com,Lisbell Technologies Pvt Ltd,wayback+homepage+careers
lucidplus.com,https://lucidplus.com,LucidPlus Infotech Pvt Ltd,wayback+homepage+careers
luure.ai,https://luure.ai,Luure.ai LLP,wayback+homepage+careers
mantlesolutions.in,https://mantlesolutions.in,Mantle Solutions Private Limited,wayback+homepage+careers
mantraitsolutions.in,https://mantraitsolutions.in,Mantra IT Solutions,wayback+homepage+careers
mapletechspace.com,https://mapletechspace.com,MapleTech Space Pvt Ltd,wayback+homepage+careers
marketbytes.in,https://marketbytes.in,MarketBytes WebWorks Private Limited,wayback+homepage+careers
marlabs.com,https://marlabs.com,MARLABS SOFTWARE,wayback+homepage+careers
mashuptech.in,https://mashuptech.in,Mashuptech,wayback+homepage+careers
maxxion.com,https://maxxion.com,Maxxion Systems Private Limited,wayback+homepage+careers
mcfadyen.com,https://mcfadyen.com,McFadyen Digital,wayback+homepage+careers
msisoft.in,https://msisoft.in,Media Systems India,wayback+homepage+careers
merpsystems.com,https://merpsystems.com,MERP Systems Private Limited,wayback+homepage+careers
milestone.tech,https://milestone.tech,Milestone Technologies,wayback+homepage+careers
millinfo.net,https://millinfo.net,Millennium InfoLogic,wayback+homepage+careers
mindcurv.com,https://mindcurv.com,Mindcurv Technology Solutions Pvt. Ltd.,wayback+homepage+careers
mindlabssolutions.com,https://mindlabssolutions.com,MindLabs Consultancy Services LLP,wayback+homepage+careers
mindlabssys.com,https://mindlabssys.com,MindLabs Systems Pvt Ltd,wayback+homepage+careers
mitsogo.com,https://mitsogo.com,Mitsogo,wayback+homepage+careers
mitz.ai,https://mitz.ai,mitz AI Minds Pvt Ltd,wayback+homepage+careers
mozilor.com,https://mozilor.com,Mozilor Technologies Pvt. Ltd.,wayback+homepage+careers
nasinfosolutions.com,https://nasinfosolutions.com,NAS Infosolutions Pvt Ltd,wayback+homepage+careers
navicater.com,https://navicater.com,Navicater Solutions India Pvt Ltd,wayback+homepage+careers
neemsoftware.com,https://neemsoftware.com,Neem Info Solutions Pvt. Ltd.,wayback+homepage+careers
neork.com,https://neork.com,Neork Technologies,wayback+homepage+careers
nesasoftware.com,https://nesasoftware.com,Nesa Software Pvt Ltd,wayback+homepage+careers
netsentries.com,https://netsentries.com,Netsentries Infosec Solutions Pvt.Ltd.,wayback+homepage+careers
newagesysindia.com,https://newagesysindia.com,NewAgeSys Solutions (P) Ltd.,wayback+homepage+careers
nextapps.in,https://nextapps.in,Next Apps,wayback+homepage+careers
niaway.com,https://niaway.com,Niaway Technologies Pvt Ltd,wayback+homepage+careers
nichetechies.com,https://nichetechies.com,Niche Techies,wayback+homepage+careers
noainfosolutions.com,https://noainfosolutions.com,Noa Infosolutions LLP,wayback+homepage+careers
nomdindia.com,https://nomdindia.com,NOMD Technologies,wayback+homepage+careers
benymbl.co,https://benymbl.co,Nymbl,wayback+homepage+careers
obidostech.com,https://obidostech.com,Obidos Technologies (P) Ltd,wayback+homepage+careers
obvs.ai,https://obvs.ai,Obvious AI Technology Pvt Ltd,wayback+homepage+careers
offlinehumanstudios.com,https://offlinehumanstudios.com,Offline Human Studios,wayback+homepage+careers
onesoftapps.com,https://onesoftapps.com,Onesoft Technologies LLP,wayback+homepage+careers
opshoretalentsolutions.com,https://opshoretalentsolutions.com,Opshore Talent Solutions Pvt.Ltd.,wayback+homepage+careers
orestestech.com,https://orestestech.com,Orestes Technologies Pvt Ltd,wayback+homepage+careers
origent.in,https://origent.in,Origent Technologies,wayback+homepage+careers
orioninc.com,https://orioninc.com,Orion India Systems Pvt. Ltd.,wayback+homepage+careers
ormeon.com,https://ormeon.com,Ormeon IT Consulting Pvt Ltd,wayback+homepage+careers
opiglobal.com,https://opiglobal.com,Outsource Partners International,wayback+homepage+careers
pagematics.com,https://pagematics.com,Pagematics India Pvt. Ltd.,wayback+homepage+careers
paoyaila.com,https://paoyaila.com,Paoyaila Animation Studios LLP,wayback+homepage+careers
wibserp.com,https://wibserp.com,PaulCart E Commerce Pvt. Ltd.,wayback+homepage+careers
pearlsofttechnologies.com,https://pearlsofttechnologies.com,Pearlsoft Technologies LLP,wayback+homepage+careers
penguininc.com,https://penguininc.com,Penguin Data Centre Pvt.Ltd.,wayback+homepage+careers
pinetech.in,https://pinetech.in,Pinetech IT Solutions P Ltd,wayback+homepage+careers
pinmicro.com,https://pinmicro.com,Pinmicro India Pvt.Ltd.,wayback+homepage+careers
pixdynamics.com,https://pixdynamics.com,Pixdynamics,wayback+homepage+careers
planetmedia.in,https://planetmedia.in,Planet Media India ( PMIN Agency Pvt.Ltd.),wayback+homepage+careers
portrave.com,https://portrave.com,Portrave Solutions Pvt Ltd,wayback+homepage+careers
prevalent.ai,https://prevalent.ai,Prevalent AI,wayback+homepage+careers
primecrown.com,https://primecrown.com,PrimeCrown Technologies (P) Limited,wayback+homepage+careers
privocorp.com,https://privocorp.com,Privo TechCorp Private Limited,wayback+homepage+careers
puebloshades.com,https://puebloshades.com,Pueblo Shades Pvt.Ltd,wayback+homepage+careers
pumexinfotech.com,https://pumexinfotech.com,Pumex InfoTech Pvt Ltd,wayback+homepage+careers
qcverify.com,https://qcverify.com,QC Verify Private Limited,wayback+homepage+careers
quanhack.com,https://quanhack.com,Quantum Acumen (QuAnHack Solutions),wayback+homepage+careers
qubeslab.com,https://qubeslab.com,Qubeslab Technologies Private Limited,wayback+homepage+careers
raintechsoftware.com,https://raintechsoftware.com,Raintech Software Ltd,wayback+homepage+careers
rainybits.com,https://rainybits.com,Rainybits Technology Pvt Ltd,wayback+homepage+careers
redblacksoftware.com,https://redblacksoftware.com,RedBlack Technologies Private Limited,wayback+homepage+careers
redux.co,https://redux.co,Redux (Network Redux),wayback+homepage+careers
rgsin.com,https://rgsin.com,Regent Global Services (India) Pvt.Ltd.,wayback+homepage+careers
retyn.ai,https://retyn.ai,Retyn Business Solution Pvt. Ltd.,wayback+homepage+careers
rexavllp.com,https://rexavllp.com,REXAV LLP,wayback+homepage+careers
rextechstudios.com,https://rextechstudios.com,Rextech Studios,wayback+homepage+careers
riod.in,https://riod.in,RIOD LOGIC PRIVATE LIMITED,wayback+homepage+careers
rdsind.co,https://rdsind.co,Roberts Design Services,wayback+homepage+careers
rubyseven.in,https://rubyseven.in,RUBY SEVEN STUDIOS,wayback+homepage+careers
sandslab.com,https://sandslab.com,SaNDS Lab,wayback+homepage+careers
seeroo.com,https://seeroo.com,Seeroo IT Solutions,wayback+homepage+careers
senscript.ai,https://senscript.ai,Senscript Technologies Pvt Ltd,wayback+homepage+careers
servsys.com,https://servsys.com,Servsys Technology Services India Pvt Ltd,wayback+homepage+careers
silverbloom.com,https://silverbloom.com,Silverbloom Technologies,wayback+homepage+careers
skybertech.com,https://skybertech.com,Skybertech IT Innovation Pvt Ltd,wayback+homepage+careers
smeclabs.com,https://smeclabs.com,SMEC Automation Pvt Ltd,wayback+homepage+careers
snippetcommerce360.com,https://snippetcommerce360.com,SnippetCommerce360 Pvt Ltd,wayback+homepage+careers
softopsolutions.com,https://softopsolutions.com,Softop Solutions Pvt Ltd,wayback+homepage+careers
soulxes.com,https://soulxes.com,Soulxes Technologies Pvt Ltd,wayback+homepage+careers
speridian.com,https://speridian.com,Speridian Technologies Pvt Ltd,wayback+homepage+careers
spiderline.in,https://spiderline.in,Spiderline Technologies,wayback+homepage+careers
spiralcode.in,https://spiralcode.in,Spiralcode Innovates LLP,wayback+homepage+careers
steppingstoneconsultancy.com,https://steppingstoneconsultancy.com,Stepping Stone Consultancy Services,wayback+homepage+careers
strandsenergy.com,https://strandsenergy.com,Strands Energy Pvt. Ltd,wayback+homepage+careers
supporthub360.com,https://supporthub360.com,SupportHub360,wayback+homepage+careers
surveysparrow.com,https://surveysparrow.com,SurveySparrow Pvt Ltd,wayback+homepage+careers
syriacconsultancy.com,https://syriacconsultancy.com,Syriac Consultancy Services Private Limited,wayback+homepage+careers
talkdigital.com,https://talkdigital.com,Talk Digital Pvt. Ltd.,wayback+homepage+careers
tamcherry.com,https://tamcherry.com,Tamcherry Technologies Private Limited,wayback+homepage+careers
tecforz.com,https://tecforz.com,TECFORZ INNOVATIONS,wayback+homepage+careers
techaventure.com,https://techaventure.com,Tech Aventure,wayback+homepage+careers
techfriar.com,https://techfriar.com,Techfriar Technologies,wayback+homepage+careers
techgentsia.com,https://techgentsia.com,Techgentsia Software Technologies Private Limited,wayback+homepage+careers
techneurons.com,https://techneurons.com,TechNeurons Consulting Solutions Private Limited,wayback+homepage+careers
technowavegroup.com,https://technowavegroup.com,Technowave ID Systems PVT.LTD.,wayback+homepage+careers
techpullers.com,https://techpullers.com,Techpullers Technology Solutions Pvt Ltd.,wayback+homepage+careers
techversantinfotech.com,https://techversantinfotech.com,Techversant Infotech Pvt Ltd,wayback+homepage+careers
techwarelab.com,https://techwarelab.com,Techware Lab Pvt.Ltd.,wayback+homepage+careers
tecnostac.com,https://tecnostac.com,Tecnostac Systems Private Limited,wayback+homepage+careers
telious.com,https://telious.com,Telious Technologies Pvt Ltd,wayback+homepage+careers
terrificminds.com,https://terrificminds.com,Terrific Minds Private Limited,wayback+homepage+careers
testingmavens.com,https://testingmavens.com,Testing Mavens Software Pvt Ltd,wayback+homepage+careers
thoughtminds.ai,https://thoughtminds.ai,ThoughtMinds System Pvt Ltd,wayback+homepage+careers
thrivemindsinnovations.com,https://thrivemindsinnovations.com,Thriveminds Technologies Pvt. Ltd.,wayback+homepage+careers
titantechemirates.com,https://titantechemirates.com,Titan Tech Emirates Pvt Ltd,wayback+homepage+careers
tnpconsultants.com,https://tnpconsultants.com,TNP Consultancy Private Limited,wayback+homepage+careers
touchworldtech.com,https://touchworldtech.com,TouchWorld Technology,wayback+homepage+careers
tranzmeo.com,https://tranzmeo.com,Tranzmeo,wayback+homepage+careers
travancoreanalytics.com,https://travancoreanalytics.com,Travancore Analytics Pvt.Ltd.,wayback+homepage+careers
tukxi.in,https://tukxi.in,Tukxi India Private Ltd,wayback+homepage+careers
tuttifrutti.in,https://tuttifrutti.in,Tuttifrutti Games Pvt Ltd,wayback+homepage+careers
unilawtech.com,https://unilawtech.com,Unilaw Global Private Limited,wayback+homepage+careers
ust-global.com,https://ust-global.com,US Technology International Pvt Ltd,wayback+homepage+careers
vaisesikaconsulting.com,https://vaisesikaconsulting.com,Vaisesika Consulting Private Limited,wayback+homepage+careers
veeble.com,https://veeble.com,Veeble SoftTech (P) Ltd.,wayback+homepage+careers
verteil.com,https://verteil.com,Verteil Technologies Private Limited,wayback+homepage+careers
viewydigital.com,https://viewydigital.com,Viewy Digital P(Ltd),wayback+homepage+careers
violetframes.com,https://violetframes.com,Violet Frames,wayback+homepage+careers
vimptech.com,https://vimptech.com,Virtual Impulse Technologies,wayback+homepage+careers
virtualsystechnologies.com,https://virtualsystechnologies.com,Virtual Sys Technologies,wayback+homepage+careers
vistasglobal.com,https://vistasglobal.com,Vistas Global Intellect Private Limited,wayback+homepage+careers
mygate.com,https://mygate.com,Vivish Technologies Private Limited,wayback+homepage+careers
vortexen.com,https://vortexen.com,Vortexen Dynamics,wayback+homepage+careers
voxtronme.com,https://voxtronme.com,Voxtron Solutions LLP,wayback+homepage+careers
itvoyager.com,https://itvoyager.com,Voyager IT Solutions Pvt Ltd,wayback+homepage+careers
voyonfolks.com,https://voyonfolks.com,Voyon Technology Pvt Ltd,wayback+homepage+careers
vtrio.com,https://vtrio.com,Vtrio Solutions Private Limited,wayback+homepage+careers
vvdntech.com,https://vvdntech.com,VVDN Technologies Pvt Ltd,wayback+homepage+careers
wazeefa.in,https://wazeefa.in,Wazeefa1 Technologies Pvt. Ltd.,wayback+homepage+careers
webduratech.com,https://webduratech.com,Webdura Technologies,wayback+homepage+careers
windfallproductions.org,https://windfallproductions.org,Windfall Productions Pvt.Ltd.,wayback+homepage+careers
wocbranding.com,https://wocbranding.com,WOC Branding Systems Pvt Ltd,wayback+homepage+careers
woxro.com,https://woxro.com,Woxro,wayback+homepage+careers
yatnam.com,https://yatnam.com,Yatnam Technologies,wayback+homepage+careers
webcontentor.com,https://webcontentor.com,Yavun Technologies,wayback+homepage+careers
ynotinfo.com,https://ynotinfo.com,Ynot Infosolutions,wayback+homepage+careers
zamorinstech.com,https://zamorinstech.com,Zamorins Solutions (P) Ltd,wayback+homepage+careers
zaparetech.com,https://zaparetech.com,Zapare Technologies Private Limited,wayback+homepage+careers
zealogics.com,https://zealogics.com,Zealogics IT Solutions,wayback+homepage+careers
zellis.com,https://zellis.com,Zellis HR India Pvt.Ltd.,wayback+homepage+careers
zinbayindia.com,https://zinbayindia.com,Zinbay India Pvt.Ltd.,wayback+homepage+careers
zoiteckh.com,https://zoiteckh.com,Zoiteckh Informations Solutions,wayback+homepage+careers
atnetindia.net,https://atnetindia.net,A T Video Networks Pvt Ltd,wayback+homepage+careers
acelabs.in,https://acelabs.in,Ace Labs,wayback+homepage+careers
aalphanetsolution.com,https://aalphanetsolution.com,Aalpha Net Solutions,wayback+homepage+careers
agamworks.com,https://agamworks.com,AgamWorks Tech Solution Private Limited,wayback+homepage+careers
antsolution.in,https://antsolution.in,ANT Solution,wayback+homepage+careers
balanetra.com,https://balanetra.com,Balanetra Technologies,wayback+homepage+careers
ekayassociates.com,https://ekayassociates.com,Ekay Softech Solutions,wayback+homepage+careers
embien.com,https://embien.com,Embien Technologies India Private Limited,wayback+homepage+careers
deitytech.com,https://deitytech.com,Deity Technologies,wayback+homepage+careers
fatmactech.com,https://fatmactech.com,Fat Mac Technologies,wayback+homepage+careers
galaxyinfotech.co,https://galaxyinfotech.co,Galaxy Infotech,wayback+homepage+careers
graspear.com,https://graspear.com,Graspear Solutions Private Limited,wayback+homepage+careers
icand.in,https://icand.in,iCanD ( VIRUDHUNAGAR SOFTWARE ANALYSIS PRIVATE LIMITED ),wayback+homepage+careers
upwork.com,https://upwork.com,Immaculate Data Solutions Private Limited,wayback+homepage+careers
larch.in,https://larch.in,Larch Technologies,wayback+homepage+careers
mastermindtechies.com,https://mastermindtechies.com,Mastermind Consultancy Services,wayback+homepage+careers
oyyar.com,https://oyyar.com,Oyyar Consulting Service,wayback+homepage+careers
ramartech.info,https://ramartech.info,Ramar Tech,wayback+homepage+careers
ungal.com,https://ungal.com,Saravana Infotech,wayback+homepage+careers
scmaidigital.com,https://scmaidigital.com,SCMAI Digital,wayback+homepage+careers
sem-n-seo.com,https://sem-n-seo.com,SEM-N-SEO,wayback+homepage+careers
templecitytech.com,https://templecitytech.com,TEMPLE CITY TECHNOLOGIES PRIVATE LIMITED,wayback+homepage+careers
v3analytics.in,https://v3analytics.in,V3 Analytics Private Limited,wayback+homepage+careers
bautomate.com,https://bautomate.com,Techmango Consulting Services Private Ltd,wayback+homepage+careers
vinga.biz,https://vinga.biz,Vinga Software Solutions Private Limited,wayback+homepage+careers
waioz.com,https://waioz.com,WAIOZ Consultancy Services,wayback+homepage+careers
avgira.com,https://avgira.com,Avgira Technologies India Private Limited,wayback+homepage+careers
zlendo.com,https://zlendo.com,Zlendo Technologies Private Limited,wayback+homepage+careers
sisn.com,https://sisn.com,DSS Private Limited,wayback+homepage+careers
analyticsaura.com,https://analyticsaura.com,Analytics Aura Private Limited,wayback+homepage+careers
meditechnos.com,https://meditechnos.com,Meditechnos Solutions Private limited,wayback+homepage+careers
psyec.edu.in,https://psyec.edu.in,Vinga Software Solutions Private Limited,wayback+homepage+careers
techmango.net,https://techmango.net,Techmango IT Solutions,wayback+homepage+careers
downloadwink.com,https://downloadwink.com,Wink Technologies,wayback+homepage+careers
bigdbiz.com,https://bigdbiz.com,Bigdbiz Solutions Pivate Limited,wayback+homepage+careers
bluegenietech.com,https://bluegenietech.com,BlueGenie Technologies Private Limited,wayback+homepage+careers
isquarebs.com,https://isquarebs.com,iSQUARE Business Solution Private Limited,wayback+homepage+careers
hasotech.com,https://hasotech.com,HasoTechnology,wayback+homepage+careers
vsindigital.com,https://vsindigital.com,V S Innovations,wayback+homepage+careers
itianz.com,https://itianz.com,iTianz (Software Solution),wayback+homepage+careers
beavoiceinfotech.com,https://beavoiceinfotech.com,Beavoice Infotech Private Limited,wayback+homepage+careers
ravenan.com,https://ravenan.com,Ravenan Technologies,wayback+homepage+careers
saitechnologies.in,https://saitechnologies.in,Sai Technologies,wayback+homepage+careers
bsteknology.com,https://bsteknology.com,BS Teknology Private Limited,wayback+homepage+careers
consotree.org,https://consotree.org,ConsoTree,wayback+homepage+careers
satsangtechnologies.com,https://satsangtechnologies.com,Satsang Technologies,wayback+homepage+careers
uplogictech.com,https://uplogictech.com,Uplogic Technologies PVT LTD,wayback+homepage+careers
ufours.com,https://ufours.com,UFours IT Solution Private Limited,wayback+homepage+careers
uvscube.com,https://uvscube.com,UVS Cube Infotech Private Limited,wayback+homepage+careers
techgazebos.com,https://techgazebos.com,Tech Gazebo Solutions Private Limited,wayback+homepage+careers
dotcominfoway.com,https://dotcominfoway.com,Dot Com Infoway,wayback+homepage+careers
thangamayil.com,https://thangamayil.com,Thangamayil Limited,wayback+homepage+careers
