source,name,city,website,domain,founded_year,size_band,band_label,headcount,headcount_unknown,whale_candidate,staffing_mix,lane_reason
goodfirms,Flashyminds,"Bengaluru, India",https://flashyminds.com,flashyminds.com,2021,10-49,10-49,,False,False,False,"grade=SOURCE_ONLY, jd=0"
goodfirms,Arjun Rajkumar,"Bengaluru, India",https://www.arjunrajkumar.in,arjunrajkumar.in,2009,,,,True,False,False,"grade=SOURCE_ONLY, jd=0"
goodfirms,IDATTEC,"Bengaluru, India",https://idattec.com/,idattec.com,2019,10-49,10-49,,False,False,False,"grade=SOURCE_ONLY, jd=0"
goodfirms,Corsel Technologies,"Bengaluru, India",https://corseltechnologies.com/,corseltechnologies.com,2017,50-249,50-249,,False,False,False,"grade=SOURCE_ONLY, jd=0"
goodfirms,Svinzy,"Bengaluru, India",https://www.svinzy.com/,svinzy.com,2017,50-249,50-249,,False,False,False,"grade=SOURCE_ONLY, jd=412"
goodfirms,NR Innovium Technologies Private Limited,"Bengaluru, India",https://nrinnovium.com/,nrinnovium.com,2020,10-49,10-49,,False,False,False,"grade=SOURCE_ONLY, jd=0"
goodfirms,Pathnovo Solutions Private limited,"Bengaluru, India",https://www.pathnovo.com/,pathnovo.com,2022,10-49,10-49,,False,False,False,"grade=SOURCE_ONLY, jd=0"
goodfirms,Touch Crypto,"Bengaluru, India",https://www.touchcrypto.org/,touchcrypto.org,2014,50-249,50-249,,False,False,False,"grade=SOURCE_ONLY, jd=0"
goodfirms,Ventagenie Delivery Solution,"Pune, India",http://www.ventagenie.com/,ventagenie.com,2001,50-249,50-249,,False,False,False,"grade=SOURCE_ONLY, jd=0"
goodfirms,ChainScore Labs,"Pune, India",https://chainscorelabs.com/?utm_source=goodfirms&utm_medium=profile&utm_campaign=organic_blockchain_web3,chainscorelabs.com,2022,10-49,10-49,,False,False,False,"grade=SOURCE_ONLY, jd=0"
goodfirms,VN Softverg Technology PVT LTD,"Hyderabad, India",https://vnsoftvergtechnology.com/,vnsoftvergtechnology.com,2018,10-49,10-49,,False,False,False,"grade=SOURCE_ONLY, jd=0"
goodfirms,Riddhi Corporate Services Limited,"Hyderabad, India",http://www.riddhicorporate.co.in/,riddhicorporate.co.in,,10-49,10-49,,False,False,False,"grade=NONE, jd=0"
goodfirms,Trigital Technologies Pvt Ltd,"Hyderabad, India",https://trigitaltech.com/,trigitaltech.com,2014,50-249,50-249,,False,False,False,"grade=SOURCE_ONLY, jd=0"
goodfirms,Xynnity,"Ahmedabad, India",https://www.xynnity.com/,xynnity.com,2021,10-49,10-49,,False,False,False,"grade=SOURCE_ONLY, jd=0"
goodfirms,Clementius LLP,"Ahmedabad, India",https://www.clementius.com/,clementius.com,2019,10-49,10-49,,False,False,False,"grade=SOURCE_ONLY, jd=0"
goodfirms,SoluteLabs,"Ahmedabad, India",https://www.solutelabs.com,solutelabs.com,2014,50-249,50-249,,False,False,False,"grade=SOURCE_ONLY, jd=0"
goodfirms,MSA Infotech,"Ahmedabad, India",https://msainfotech.com/,msainfotech.com,2016,50-249,50-249,,False,False,False,"grade=SOURCE_ONLY, jd=0"
goodfirms,Loud Coders,"Ahmedabad, India",https://www.loudcoders.com,loudcoders.com,,10-49,10-49,,False,False,False,"grade=NONE, jd=0"
goodfirms,CreoWeb Solution,"Ahmedabad, India",https://www.creowebsolution.com/,creowebsolution.com,2015,10-49,10-49,,False,False,False,"grade=SOURCE_ONLY, jd=0"
goodfirms,NMI - Website Development & Software Development C,"Ahmedabad, India",https://nearmeindia.in/,nearmeindia.in,2017,10-49,10-49,,False,False,False,"grade=SOURCE_ONLY, jd=0"
goodfirms,Techplus Consultancy,"Indore, India",https://techplusconsultancy.com/,techplusconsultancy.com,2022,10-49,10-49,,False,False,False,"grade=SOURCE_ONLY, jd=0"
goodfirms,Inostrok Technologies Pvt Ltd,"Indore, India",https://inostrok.com/,inostrok.com,2022,10-49,10-49,,False,False,False,"grade=SOURCE_ONLY, jd=0"
goodfirms,PaceXgrowth Pvt. ltd,"Indore, India",https://pacexgrowth.com/,pacexgrowth.com,2012,10-49,10-49,,False,False,False,"grade=SOURCE_ONLY, jd=0"
goodfirms,Upcomingverse Tech Labs Pvt. Ltd.,"Indore, India",https://upcomingverse.ai,upcomingverse.ai,2023,10-49,10-49,,False,False,False,"grade=SOURCE_ONLY, jd=0"
goodfirms,Growup Technology,"Indore, India",https://growuptechs.in,growuptechs.in,2022,10-49,10-49,,False,False,False,"grade=SOURCE_ONLY, jd=0"
goodfirms,Thincodz IT solution,"Indore, India",https://thincodz.com/,thincodz.com,2023,10-49,10-49,,False,False,False,"grade=SOURCE_ONLY, jd=0"
goodfirms,Satish Tech Innovations,"Jaipur, India",https://satishtechinnovations.com/,satishtechinnovations.com,2014,10-49,10-49,,False,False,False,"grade=SOURCE_ONLY, jd=0"
goodfirms,Redx Technosoft,"Jaipur, India",http://www.redxtechnosoft.com,redxtechnosoft.com,2019,10-49,10-49,,False,False,False,"grade=SOURCE_ONLY, jd=0"
goodfirms,Sell Tech IND. Productions,"Jaipur, India",https://www.selltechindproductions.in/,selltechindproductions.in,2021,10-49,10-49,,False,False,False,"grade=SOURCE_ONLY, jd=0"
goodfirms,CipherCru Innovation Private Limited,"Jaipur, India",https://www.ciphercru.com,ciphercru.com,2021,10-49,10-49,,False,False,False,"grade=SOURCE_ONLY, jd=0"
goodfirms,SoftCurators,"Jaipur, India",https://softcurators.com/,softcurators.com,2021,10-49,10-49,,False,False,False,"grade=SOURCE_ONLY, jd=0"
goodfirms,KSquare Systems,"Jaipur, India",https://www.ksquaresys.com/,ksquaresys.com,2023,10-49,10-49,,False,False,False,"grade=SOURCE_ONLY, jd=0"
goodfirms,Ainnovalink Infotech,"Jaipur, India",https://ainnovalink.com/,ainnovalink.com,2023,10-49,10-49,,False,False,False,"grade=SOURCE_ONLY, jd=0"
goodfirms,UpCodo Digital,"Noida, India",https://upcodo.com/?utm_source=Goodfirms&utm_medium=referral,upcodo.com,2019,10-49,10-49,,False,False,False,"grade=SOURCE_ONLY, jd=0"
goodfirms,Hale Healthcare IT Labs,"Noida, India",https://halehitlabs.com/,halehitlabs.com,2022,10-49,10-49,,False,False,False,"grade=SOURCE_ONLY, jd=0"
goodfirms,White Gravity Web Solutions,"Noida, India",https://whitegravity.in/,whitegravity.in,2022,10-49,10-49,,False,False,False,"grade=SOURCE_ONLY, jd=0"
goodfirms,Catabatic Technology,"Noida, India",https://www.catpl.co.in,catpl.co.in,2004,10-49,10-49,,False,False,False,"grade=SOURCE_ONLY, jd=0"
goodfirms,Laminai Digital,"Noida, India",https://laminaidigital.com/,laminaidigital.com,2015,10-49,10-49,,False,False,False,"grade=SOURCE_ONLY, jd=293"
goodfirms,Oodles Blockchain,"Gurgaon, India",https://erpsolutions.oodles.io/?utm_source=goodfirms,oodles.io,2009,250+,250+,,False,True,False,"grade=SOURCE_ONLY, jd=0"
goodfirms,Tech Cirkle,"Gurgaon, India",https://techcirkle.com,techcirkle.com,2018,10-49,10-49,,False,False,False,"grade=SOURCE_ONLY, jd=0"
goodfirms,Zecat Matrix Private Limited,"Gurgaon, India",https://zolvify.com/,zolvify.com,2022,50-249,50-249,,False,False,False,"grade=SOURCE_ONLY, jd=0"
goodfirms,Digital Vayapari,"Gurgaon, India",https://www.digitalvayapari.in/,digitalvayapari.in,2021,10-49,10-49,,False,False,False,"grade=SOURCE_ONLY, jd=0"
goodfirms,MIS Software,"Delhi, India",https://missoftware.org/,missoftware.org,1984,50-249,50-249,,False,False,False,"grade=SOURCE_ONLY, jd=0"
goodfirms,Staffinc IO,"Delhi, India",https://staffinc.io/,staffinc.io,2022,10-49,10-49,,False,False,False,"grade=SOURCE_ONLY, jd=0"
goodfirms,Tech Contributors,"Delhi, India",https://www.techcontributors.com/,techcontributors.com,2018,10-49,10-49,,False,False,False,"grade=SOURCE_ONLY, jd=0"
goodfirms,HiQByte,"Delhi, India",https://www.hiqbyte.in/,hiqbyte.in,2021,10-49,10-49,,False,False,False,"grade=SOURCE_ONLY, jd=0"
goodfirms,ZeniTech Solutions,"Delhi, India",https://zenitechsol.com/,zenitechsol.com,2018,10-49,10-49,,False,False,False,"grade=SOURCE_ONLY, jd=0"
goodfirms,HyperCode,"Delhi, India",https://hypercode.tech/,hypercode.tech,2021,10-49,10-49,,False,False,False,"grade=SOURCE_ONLY, jd=0"
goodfirms,Infonimbus Tech Services,"Delhi, India",https://www.infonimbus.com,infonimbus.com,2020,10-49,10-49,,False,False,False,"grade=SOURCE_ONLY, jd=0"
goodfirms,JKSOFTEC,"Chennai, India",https://jksoftec.com,jksoftec.com,2016,10-49,10-49,,False,False,False,"grade=SOURCE_ONLY, jd=0"
goodfirms,sterloBuild,"Coimbatore, India",https://www.sterlobuild.com/,sterlobuild.com,2013,50-249,50-249,,False,False,False,"grade=SOURCE_ONLY, jd=0"
goodfirms,BrotoTech,"Kochi, India",https://brototech.com/,brototech.com,2020,10-49,10-49,,False,False,False,"grade=SOURCE_ONLY, jd=0"
goodfirms,Mimoto Technologies,"Kochi, India",https://mimototech.in/,mimototech.in,2022,10-49,10-49,,False,False,False,"grade=SOURCE_ONLY, jd=0"
goodfirms,Idyllic Software,"Mumbai, India",https://idyllic.co/,idyllic.co,2010,50-249,50-249,,False,False,False,"grade=SOURCE_ONLY, jd=0"
goodfirms,Inpured,"Mumbai, India",https://www.inpured.com/,inpured.com,2023,,,,True,False,False,"grade=SOURCE_ONLY, jd=0"
goodfirms,Virtual Eases,"Mumbai, India",https://virtualeases.com/,virtualeases.com,2014,50-249,50-249,,False,False,False,"grade=SOURCE_ONLY, jd=0"
goodfirms,Fractal Web,"Mumbai, India",https://fractal-web.com/,fractal-web.com,2022,10-49,10-49,,False,False,False,"grade=SOURCE_ONLY, jd=0"
goodfirms,Radils Technologies,"Mumbai, India",https://radils.com/,radils.com,2023,10-49,10-49,,False,False,False,"grade=SOURCE_ONLY, jd=0"
goodfirms,Indware Technologies Pvt. Ltd.,"Kolkata, India",http://www.indware.com/,indware.com,2005,10-49,10-49,,False,False,False,"grade=SOURCE_ONLY, jd=0"
goodfirms,Edwid Technologies Pvt Ltd,"Kolkata, India",https://edwidtech.com/,edwidtech.com,2023,10-49,10-49,,False,False,False,"grade=SOURCE_ONLY, jd=0"
goodfirms,Globextra Online Services Private Limited,"Kolkata, India",https://globextraonline.com/,globextraonline.com,2018,10-49,10-49,,False,False,False,"grade=SOURCE_ONLY, jd=0"
goodfirms,It company Mohali,"Mohali, India",https://itcompanymohali.in/,itcompanymohali.in,2014,10-49,10-49,,False,False,False,"grade=SOURCE_ONLY, jd=0"
goodfirms,Triple Minds,"Mohali, India",https://tripleminds.co/,tripleminds.co,2022,10-49,10-49,,False,False,False,"grade=SOURCE_ONLY, jd=0"
goodfirms,Alphurious Technologies,"Mohali, India",https://alphurious.com/,alphurious.com,2023,50-249,50-249,,False,False,False,"grade=SOURCE_ONLY, jd=293"
goodfirms,Truxco Technologies,"Mohali, India",https://www.truxco.com/,truxco.com,2021,10-49,10-49,,False,False,False,"grade=SOURCE_ONLY, jd=0"
goodfirms,SocioHype Agency,"Mohali, India",https://sociohype.in,sociohype.in,2015,50-249,50-249,,False,False,False,"grade=SOURCE_ONLY, jd=0"
goodfirms,Alluring Infotech Solutions,"Mohali, India",https://alluringinfotech.com/,alluringinfotech.com,2020,10-49,10-49,,False,False,False,"grade=SOURCE_ONLY, jd=0"
goodfirms,Wiriser Rise Together,"Mohali, India",https://wiriserrisetogether.com,wiriserrisetogether.com,2021,10-49,10-49,,False,False,False,"grade=SOURCE_ONLY, jd=0"
goodfirms,Future Technologies,"Surat, India",https://softwebmlm.com/,softwebmlm.com,2013,10-49,10-49,,False,False,False,"grade=SOURCE_ONLY, jd=0"
goodfirms,Apexture Private Limited,"Surat, India",https://apexture.in/,apexture.in,2019,10-49,10-49,,False,False,False,"grade=SOURCE_ONLY, jd=0"
goodfirms,Nothing Info,"Surat, India",https://nothinginfo.com/,nothinginfo.com,2023,10-49,10-49,,False,False,False,"grade=SOURCE_ONLY, jd=0"
goodfirms,Rohmate,"Surat, India",https://www.rohmate.com,rohmate.com,2011,50-249,50-249,,False,False,False,"grade=SOURCE_ONLY, jd=0"
goodfirms,DIWIZON DYNAMICS PVT LTD,"Vadodara, India",https://www.diwizon.com,diwizon.com,,10-49,10-49,,False,False,False,"grade=NONE, jd=0"
nasscom,SpectraaScreen Global Private Limited,Thane,https://www.spectraascreen.com,spectraascreen.com,,,,,True,False,False,"grade=SOURCE_ONLY, jd=0"
nasscom,SkyySkill Academy Private Limited,Bhubaneswar,https://www.skyyskilllabs.org/IT-Services,skyyskilllabs.org,,,,,True,False,False,"grade=NONE, jd=0"
nasscom,Lifekraft Training Academy Private Limited,Bhubaneswar,https://lifekraftacademy.com/,lifekraftacademy.com,,,,,True,False,False,"grade=SOURCE_ONLY, jd=0"
nasscom,ChannelPlay SaaS Private Limited,Kolkata,https://www.1channel.co/,1channel.co,,,,,True,False,False,"grade=NONE, jd=0"
nasscom,Texas Instruments India Pvt Ltd,Bengaluru,http://www.ti.com/india,ti.com,,,,,True,False,False,"grade=NONE, jd=0"
nasscom,Whirlpool Asia LLP,Pune,https://www.whirlpoolcorp.com,whirlpoolcorp.com,,,,,True,False,False,"grade=NONE, jd=0"
