row,company_name,domain,website,city,headcount,band_label,founded_year,prequal_score,prequal_rank,tier,source,signalhire_status,founder_name,founder_title,founder_linkedin,founder_mobile_+91,notes_from_vendor
1,Techforce Global,techforceglobal.com,https://techforceglobal.com,"Ahmedabad, India",150,50-249,,120,1,Tier-A,goodfirms,SignalHire already tried — no founder found,,,,,
2,Techies Infotech,iamtechie.com,https://iamtechie.com,"Mohali, India",150,50-249,,115,3,Tier-A,goodfirms,SignalHire already tried — no founder found,,,,,
3,Avya Technology Pvt Ltd,avyatech.com,https://avyatech.com,"Noida, India",30,10-49,,110,5,Tier-A,goodfirms,SignalHire already tried — no founder found,,,,,
4,Rays Techserv Private Limited,raystechserv.com,https://raystechserv.com,"Ahmedabad, India",150,50-249,,100,13,Tier-A,goodfirms,SignalHire already tried — no founder found,,,,,
5,Qodequay Technologies,qodequay.com,https://qodequay.com,"Pune, India",150,50-249,,100,15,Tier-A,goodfirms,SignalHire already tried — no founder found,,,,,
6,Exavibes Services Private Limited,exavibes.com,https://exavibes.com,"Mumbai, India",30,10-49,,100,16,Tier-A,goodfirms,SignalHire already tried — no founder found,,,,,
7,Orion InfoSolutions,orioninfosolutions.com,https://orioninfosolutions.com,"Jaipur, India",150,50-249,,100,20,Tier-A,goodfirms,SignalHire already tried — no founder found,,,,,
8,axiusSoftware,axiussoftware.com,https://axiussoftware.com,"Kolkata, India",150,50-249,,97,25,Tier-A,goodfirms,SignalHire already tried — no founder found,,,,,
9,Flipkoins,flipkoins.com,https://flipkoins.com,"Bengaluru, India",150,50-249,,95,28,Tier-A,goodfirms,SignalHire already tried — no founder found,,,,,
10,GMTA Software Solutions,gmtasoftware.com,https://gmtasoftware.com,"Jaipur, India",30,10-49,,95,30,Tier-A,goodfirms,SignalHire already tried — no founder found,,,,,
11,Triveni Global Software Services LLP,triveniglobalsoft.com,https://triveniglobalsoft.com,"Surat, India",150,50-249,,95,31,Tier-A,goodfirms,SignalHire already tried — no founder found,,,,,
12,Coder World Labs,coderworldlabs.com,https://coderworldlabs.com,"Noida, India",30,10-49,,95,33,Tier-A,goodfirms,SignalHire already tried — no founder found,,,,,
13,Leadstocompany,leadstocompany.com,https://leadstocompany.com,"Kolkata, India",30,10-49,,95,34,Tier-A,goodfirms,SignalHire already tried — no founder found,,,,,
14,Durapid Technology Private Limited,durapid.com,https://durapid.com,"Jaipur, India",150,50-249,,95,39,Tier-A,goodfirms,SignalHire already tried — no founder found,,,,,
15,Spysr,spysr.in,https://spysr.in,"Delhi, India",150,50-249,,95,41,Tier-A,goodfirms,SignalHire already tried — no founder found,,,,,
16,RheinBrucke IT Consulting Pvt Ltd,rheincs.com,https://rheincs.com,Chennai,,,,90,43,Tier-A,nasscom,SignalHire already tried — no founder found,,,,,
17,Revinfotech Inc,revinfotech.com,https://revinfotech.com,"Gurgaon, India",150,50-249,,90,44,Tier-A,goodfirms,SignalHire already tried — no founder found,,,,,
18,BitCot,bitcot.com,https://bitcot.com,"Chennai, India",150,50-249,,90,52,Tier-A,goodfirms,SignalHire already tried — no founder found,,,,,
19,Samaritan InfoTech,samaritaninfotech.com,https://samaritaninfotech.com,"Indore, India",150,50-249,,90,53,Tier-A,goodfirms,SignalHire already tried — no founder found,,,,,
20,Vivanta Technologies,vivantatechnologies.com,https://vivantatechnologies.com,"Bengaluru, India",30,10-49,,90,55,Tier-A,goodfirms,SignalHire already tried — no founder found,,,,,
21,VARStreet Software (I) Private Limited,varstreetinc.com,https://varstreetinc.com,Pune,,,,90,57,Tier-A,nasscom,SignalHire already tried — no founder found,,,,,
22,KareXpert Technologies Private LImited,karexpert.com,https://karexpert.com,"Gurgaon, India",150,50-249,,90,59,Tier-A,goodfirms,SignalHire already tried — no founder found,,,,,
23,Spiral Mantra Private Limited,spiralmantra.com,https://spiralmantra.com,"Noida, India",150,50-249,,90,60,Tier-A,goodfirms,SignalHire already tried — no founder found,,,,,
24,Teksolto Softwares,teksolto.com,https://teksolto.com,"Pune, India",30,10-49,,90,61,Tier-A,goodfirms,SignalHire already tried — no founder found,,,,,
25,Ankpal Technologies Private Limited,ankpal.com,https://ankpal.com,"Ahmedabad, India",30,10-49,,90,62,Tier-A,goodfirms,SignalHire already tried — no founder found,,,,,
26,6DegreesIT,6degreesit.com,https://6degreesit.com,"Indore, India",150,50-249,,90,64,Tier-A,goodfirms,SignalHire already tried — no founder found,,,,,
27,Airamatrix Private Limited,airamatrix.com,https://airamatrix.com,Thane,,,,87,68,Tier-A,nasscom,SignalHire already tried — no founder found,,,,,
28,Nelito Systems Private Limited,nelito.com,https://nelito.com,Navi Mumbai,,,,85,69,Tier-A,nasscom,SignalHire already tried — no founder found,,,,,
29,QServices INC,qservicesit.com,https://qservicesit.com,"Mohali, India",150,50-249,,85,70,Tier-A,goodfirms,SignalHire already tried — no founder found,,,,,
30,KritiLabs Technologies Private Limited,kritilabs.com,https://kritilabs.com,Chennai,,,,85,71,Tier-A,nasscom,SignalHire already tried — no founder found,,,,,
31,Softlabs Group,softlabsgroup.com,https://softlabsgroup.com,"Mumbai, India",150,50-249,,85,73,Tier-A,goodfirms+nasscom,SignalHire already tried — no founder found,,,,,
32,Xanthus Innovations,xanthus.in,https://xanthus.in,"Mumbai, India",30,10-49,,85,74,Tier-A,goodfirms,SignalHire already tried — no founder found,,,,,
33,HourlyDeveloper.io,hourlydeveloper.io,https://hourlydeveloper.io,"Ahmedabad, India",150,50-249,,85,75,Tier-A,goodfirms,SignalHire already tried — no founder found,,,,,
34,i-Verve Inc,i-verve.com,https://i-verve.com,"Ahmedabad, India",150,50-249,,85,76,Tier-A,goodfirms,SignalHire already tried — no founder found,,,,,
35,StartxLabs Technologies Private Limited,startxlabs.com,https://startxlabs.com,"Gurgaon, India",150,50-249,,85,78,Tier-A,goodfirms,SignalHire already tried — no founder found,,,,,
36,Ark infosoft,arkinfosoft.com,https://arkinfosoft.com,"Ahmedabad, India",30,10-49,,85,79,Tier-A,goodfirms,SignalHire already tried — no founder found,,,,,
37,Zealous System,zealousys.com,https://zealousys.com,"Ahmedabad, India",150,50-249,,85,81,Tier-A,goodfirms,SignalHire already tried — no founder found,,,,,
38,Ezytmtechnologies,ezytmtechnologies.com,https://ezytmtechnologies.com,"Jaipur, India",30,10-49,,85,83,Tier-A,goodfirms,SignalHire already tried — no founder found,,,,,
39,Patoliya Infotech,patoliyainfotech.com,https://patoliyainfotech.com,"Surat, India",150,50-249,,85,84,Tier-A,goodfirms,SignalHire already tried — no founder found,,,,,
40,SOFT RADIX TECHNOLOGIES PRIVATE LIMITED,softradix.com,https://softradix.com,"Mohali, India",150,50-249,,85,86,Tier-A,goodfirms+nasscom,SignalHire already tried — no founder found,,,,,
41,Atologist Infotech Pvt Ltd,atologistinfotech.com,https://atologistinfotech.com,"Surat, India",150,50-249,,85,91,Tier-A,goodfirms,SignalHire already tried — no founder found,,,,,
42,Karmsoft,karmsoft.com,https://karmsoft.com,"Ahmedabad, India",30,10-49,,85,92,Tier-A,goodfirms,SignalHire already tried — no founder found,,,,,
43,Zordial Technologies Pvt. Ltd.,zordial.com,https://zordial.com,"Jaipur, India",150,50-249,,85,94,Tier-A,goodfirms+nasscom,SignalHire already tried — no founder found,,,,,
44,ReapMind Innovations Pvt Ltd,reapmind.com,https://reapmind.com,"Bengaluru, India",150,50-249,,85,96,Tier-A,goodfirms,SignalHire already tried — no founder found,,,,,
45,TechTez LLP,techtez.com,https://techtez.com,"Bengaluru, India",150,50-249,,85,97,Tier-A,goodfirms,SignalHire already tried — no founder found,,,,,
46,CaliberFocus Business Solutions Private Limited,caliberfocus.com,https://caliberfocus.com,Chennai,,,,80,106,Tier-A,nasscom,SignalHire already tried — no founder found,,,,,
47,Fare Portal India Private Limited,fareportal.com,https://fareportal.com,Gurugram,,,,80,107,Tier-A,nasscom,SignalHire already tried — no founder found,,,,,
48,CodebergIT (Hiring & Tech Partner),codebergit.com,https://codebergit.com,"Nagpur, India",30,10-49,,80,109,Tier-A,goodfirms,SignalHire already tried — no founder found,,,,,
49,NavTark Solutions Pvt. Ltd.,navtark.com,https://navtark.com,"Indore, India",30,10-49,,80,110,Tier-A,goodfirms,SignalHire already tried — no founder found,,,,,
50,GTCSYS,gtcsys.com,https://gtcsys.com,"Ahmedabad, India",30,10-49,,80,111,Tier-A,goodfirms,SignalHire already tried — no founder found,,,,,
51,Asiczen Technologies India Private Limited,asiczen.com,https://asiczen.com,Bhubaneswar,,,,80,114,Tier-A,nasscom,SignalHire already tried — no founder found,,,,,
52,Innovator web solution,innovatorwebsolutions.com,https://innovatorwebsolutions.com,"Mumbai, India",30,10-49,,80,115,Tier-A,goodfirms,SignalHire already tried — no founder found,,,,,
53,Bynaric Systems Pvt. Ltd.,bynaric.in,https://bynaric.in,"Pune, India",150,50-249,,80,118,Tier-A,goodfirms,SignalHire already tried — no founder found,,,,,
54,Arete Softwares,aretesoftwares.com,https://aretesoftwares.com,"Delhi, India",30,10-49,,80,119,Tier-A,goodfirms,SignalHire already tried — no founder found,,,,,
55,Coactive Solutions,coactivesolutions.co.in,https://coactivesolutions.co.in,"Kolkata, India",30,10-49,,80,120,Tier-A,goodfirms+nasscom,SignalHire already tried — no founder found,,,,,
56,Zebra Techies Solution,zebratechies.com,https://zebratechies.com,"Kolkata, India",150,50-249,,80,121,Tier-A,goodfirms+nasscom,SignalHire already tried — no founder found,,,,,
57,Qualifyde Technologies Private Limited,qualifyde.com,https://qualifyde.com,Hyderabad,,,,80,122,Tier-A,nasscom,SignalHire already tried — no founder found,,,,,
58,Tech2Globe Web Solutions LLP,tech2globe.com,https://tech2globe.com,"Noida, India",150,50-249,,80,123,Tier-A,goodfirms,SignalHire already tried — no founder found,,,,,
59,Opcito Technologies Private Limited,opcito.com,https://opcito.com,Pune,,,,80,124,Tier-A,nasscom,SignalHire already tried — no founder found,,,,,
60,DEBOX GLOBAL,deboxglobal.com,https://deboxglobal.com,"Noida, India",30,10-49,,80,125,Tier-A,goodfirms,SignalHire already tried — no founder found,,,,,
61,Oasys Cybernetics Private Limited,oasys.co,https://oasys.co,Chennai,,,,80,126,Tier-A,nasscom,SignalHire already tried — no founder found,,,,,
62,Salasar Cyber Solutions,salasarcybersolutions.com,https://salasarcybersolutions.com,"Indore, India",150,50-249,,80,127,Tier-A,goodfirms,SignalHire already tried — no founder found,,,,,
63,LogiQuad Solutions Private Limited,logiquad.com,https://logiquad.com,Pune,,,,80,129,Tier-A,nasscom,SignalHire already tried — no founder found,,,,,
64,Nectarbits Pvt. Ltd.,nectarbits.com,https://nectarbits.com,"Ahmedabad, India",150,50-249,,80,130,Tier-A,goodfirms,SignalHire already tried — no founder found,,,,,
65,Intellinet Systems Pvt Ltd,intellinetsystem.com,https://intellinetsystem.com,Gurugram,,,,80,131,Tier-A,nasscom,SignalHire already tried — no founder found,,,,,
66,Softqube Technologies Pvt. Ltd.,softqubes.com,https://softqubes.com,"Ahmedabad, India",150,50-249,,80,132,Tier-A,goodfirms,SignalHire already tried — no founder found,,,,,
67,TechGlock Software Solutions,techglock.com,https://techglock.com,"Mohali, India",30,10-49,,80,134,Tier-A,goodfirms,SignalHire already tried — no founder found,,,,,
68,Ascure Technology,ascuretech.com,https://ascuretech.com,"Jaipur, India",30,10-49,,80,136,Tier-A,goodfirms,SignalHire already tried — no founder found,,,,,
69,Xtag Services Pvt Ltd,xtagservices.com,https://xtagservices.com,"Nagpur, India",30,10-49,,80,141,Tier-A,goodfirms,SignalHire already tried — no founder found,,,,,
70,W3villa Technologies,w3villa.com,https://w3villa.com,"Noida, India",150,50-249,,80,143,Tier-A,goodfirms,SignalHire already tried — no founder found,,,,,
71,DesIDEA Software Technologies Pvt ltd,desidea.com,https://desidea.com,"Hyderabad, India",150,50-249,,80,145,Tier-A,goodfirms,SignalHire already tried — no founder found,,,,,
72,iPrism Technologies,iprismtech.com,https://iprismtech.com,"Hyderabad, India",150,50-249,,80,146,Tier-A,goodfirms,SignalHire already tried — no founder found,,,,,
73,"SharpQuest, Inc.",sharpquest.com,https://sharpquest.com,"Ahmedabad, India",30,10-49,,80,147,Tier-A,goodfirms,SignalHire already tried — no founder found,,,,,
74,Nile Technologies Pvt. Ltd.,niletechnologies.com,https://niletechnologies.com,"Noida, India",150,50-249,,80,148,Tier-A,goodfirms,SignalHire already tried — no founder found,,,,,
75,Dasinfomedia,dasinfomedia.com,https://dasinfomedia.com,"Ahmedabad, India",30,10-49,,80,149,Tier-A,goodfirms,SignalHire already tried — no founder found,,,,,
76,Apponward Technologies Pvt Ltd,apponward.com,https://apponward.com,"Noida, India",150,50-249,,80,150,Tier-A,goodfirms,SignalHire already tried — no founder found,,,,,
77,Networsys Technologies LLP,networsys.com,https://networsys.com,"Noida, India",30,10-49,,80,153,Tier-A,goodfirms,SignalHire already tried — no founder found,,,,,
78,DaasLabs,daaslabs.ai,https://daaslabs.ai,"Gurgaon, India",150,50-249,,80,157,Tier-A,goodfirms,SignalHire already tried — no founder found,,,,,
79,Technanosoft Technologies,technanosoft.com,https://technanosoft.com,"Noida, India",30,10-49,,80,158,Tier-A,goodfirms,SignalHire already tried — no founder found,,,,,
80,Precise Testing Solution Private Limited,precisetestingsolution.com,https://precisetestingsolution.com,Noida,,,,80,159,Tier-A,nasscom,SignalHire already tried — no founder found,,,,,
81,Micropyramid Informatics Pvt Ltd,micropyramid.com,https://micropyramid.com,"Hyderabad, India",30,10-49,,80,160,Tier-A,goodfirms,SignalHire already tried — no founder found,,,,,
82,Simublade,simublade.com,https://simublade.com,"Noida, India",150,50-249,,80,161,Tier-A,goodfirms,SignalHire already tried — no founder found,,,,,
83,Maraekat InfoTech Limited,maraekat.com,https://maraekat.com,Mumbai,,,,80,162,Tier-A,nasscom,SignalHire already tried — no founder found,,,,,
84,Lexington Soft Pvt Ltd,lexingtonsoft.com,https://lexingtonsoft.com,Chennai,,,,77,165,Tier-A,nasscom,SignalHire already tried — no founder found,,,,,
85,Sourcemash Technologies Private Limited,sourcemash.com,https://sourcemash.com,Punjab,,,,75,167,Tier-A,nasscom,SignalHire already tried — no founder found,,,,,
86,Global Infovision Pvt Ltd,globalinfovision.com,https://globalinfovision.com,Hyderabad,,,,75,168,Tier-A,nasscom,SignalHire already tried — no founder found,,,,,
87,Five Exceptions Software Solutions Pvt Ltd,5exceptions.com,https://5exceptions.com,"Indore, India",30,10-49,,75,169,Tier-A,goodfirms,SignalHire already tried — no founder found,,,,,
88,Armia Systems Private Limited,armia.com,https://armia.com,Kochi,,,,75,170,Tier-A,nasscom,SignalHire already tried — no founder found,,,,,
89,Novaya,novayasoft.com,https://novayasoft.com,"Hyderabad, India",30,10-49,,75,173,Tier-A,goodfirms,SignalHire already tried — no founder found,,,,,
90,iSummation Technologies,isummation.com,https://isummation.com,"Ahmedabad, India",150,50-249,,75,174,Tier-A,goodfirms,SignalHire already tried — no founder found,,,,,
91,Webdecorum,webdecorum.com,https://webdecorum.com,"Gurgaon, India",30,10-49,,75,175,Tier-A,goodfirms,SignalHire already tried — no founder found,,,,,
92,Grawlix Software Private Limited,grawlixsoft.com,https://grawlixsoft.com,"Pune, India",150,50-249,,75,179,Tier-A,goodfirms,SignalHire already tried — no founder found,,,,,
93,Sensussoft Software Pvt.Ltd,sensussoft.com,https://sensussoft.com,"Surat, India",30,10-49,,75,180,Tier-A,goodfirms,SignalHire already tried — no founder found,,,,,
94,Digital HubSolution,digitalhubsolution.com,https://digitalhubsolution.com,"Noida, India",150,50-249,,75,181,Tier-A,goodfirms,SignalHire already tried — no founder found,,,,,
95,Prishusoft,prishusoft.com,https://prishusoft.com,"Ahmedabad, India",30,10-49,,75,182,Tier-A,goodfirms,SignalHire already tried — no founder found,,,,,
96,Devstringx Technologies Pvt Ltd,devstringx.com,https://devstringx.com,"Noida, India",150,50-249,,75,183,Tier-A,goodfirms+nasscom,SignalHire already tried — no founder found,,,,,
97,IndaPoint Technologies Pvt. Ltd.,indapoint.com,https://indapoint.com,"Vadodara, India",30,10-49,,75,185,Tier-A,goodfirms,SignalHire already tried — no founder found,,,,,
98,Space-O Technologies,spaceotechnologies.com,https://spaceotechnologies.com,"Ahmedabad, India",150,50-249,,75,188,Tier-A,goodfirms,SignalHire already tried — no founder found,,,,,
99,Stellen Infotech,stelleninfotech.com,https://stelleninfotech.com,"Mohali, India",150,50-249,,75,189,Tier-A,goodfirms,SignalHire already tried — no founder found,,,,,
100,Arbaan GT Private Limited,arbaan.com,https://arbaan.com,"Chennai, India",30,10-49,,75,193,Tier-A,goodfirms,SignalHire already tried — no founder found,,,,,
101,Shalom Info Tech Pvt Ltd,shalominfotech.com,https://shalominfotech.com,Trichy,,,,75,194,Tier-A,nasscom,SignalHire already tried — no founder found,,,,,
102,WovVTech,wovvtech.com,https://wovvtech.com,"Mumbai, India",150,50-249,,75,196,Tier-A,goodfirms,SignalHire already tried — no founder found,,,,,
103,Trank Technologies,tranktechnologies.com,https://tranktechnologies.com,"Gurgaon, India",150,50-249,,75,197,Tier-A,goodfirms,SignalHire already tried — no founder found,,,,,
104,IMG Global Infotech Pvt. Ltd,imgglobalinfotech.com,https://imgglobalinfotech.com,"Jaipur, India",150,50-249,,75,198,Tier-A,goodfirms,SignalHire already tried — no founder found,,,,,
105,Teknotrait,teknotrait.com,https://teknotrait.com,"Bengaluru, India",150,50-249,,75,200,Tier-A,goodfirms,SignalHire already tried — no founder found,,,,,
106,DIATOZ SOLUTIONS PRIVATE LIMITED,diatoz.com,https://diatoz.com,"Bengaluru, India",150,50-249,,75,201,Tier-A,goodfirms,SignalHire already tried — no founder found,,,,,
107,Sapphire Software Solutions,sapphiresolutions.net,https://sapphiresolutions.net,"Ahmedabad, India",150,50-249,,75,205,Tier-A,goodfirms,SignalHire already tried — no founder found,,,,,
108,"NCode Technologies, Inc.",ncodetechnologies.com,https://ncodetechnologies.com,"Ahmedabad, India",30,10-49,,75,208,Tier-A,goodfirms,SignalHire already tried — no founder found,,,,,
109,Niraltek Solutions,niraltek.com,https://niraltek.com,"Chennai, India",30,10-49,,75,214,Tier-A,goodfirms,SignalHire already tried — no founder found,,,,,
110,Rainstreamweb,rainstreamweb.com,https://rainstreamweb.com,"Ahmedabad, India",150,50-249,,75,215,Tier-A,goodfirms,SignalHire already tried — no founder found,,,,,
111,IQ Infotech,iqinfotech.co.in,https://iqinfotech.co.in,"Delhi, India",150,50-249,,75,218,Tier-A,goodfirms,SignalHire already tried — no founder found,,,,,
112,Digital Crew India,digitalcrew.co.in,https://digitalcrew.co.in,"Indore, India",150,50-249,,75,222,Tier-A,goodfirms,SignalHire already tried — no founder found,,,,,
113,Trigma,trigma.com,https://trigma.com,"Mohali, India",150,50-249,,75,223,Tier-A,goodfirms,SignalHire already tried — no founder found,,,,,
114,Markovate,markovate.com,https://markovate.com,"Gurgaon, India",150,50-249,,75,228,Tier-A,goodfirms,SignalHire already tried — no founder found,,,,,
115,PM Square Soft Services Private Limited,pmsquaresoft.com,https://pmsquaresoft.com,"Coimbatore, India",30,10-49,,75,231,Tier-A,goodfirms,SignalHire already tried — no founder found,,,,,
116,WeblineIndia,weblineindia.com,https://weblineindia.com,"Ahmedabad, India",150,50-249,,75,234,Tier-A,goodfirms,SignalHire already tried — no founder found,,,,,
117,mPhatek Systems Private Limited,mphatek.com,https://mphatek.com,Pune,,,,75,235,Tier-A,nasscom,SignalHire already tried — no founder found,,,,,
118,SourceDesk,sourcedesk.io,https://sourcedesk.io,"Kolkata, India",150,50-249,,75,237,Tier-A,goodfirms,SignalHire already tried — no founder found,,,,,
119,DNG Web Developer,dngwebdeveloper.com,https://dngwebdeveloper.com,"Ahmedabad, India",150,50-249,,75,238,Tier-A,goodfirms,SignalHire already tried — no founder found,,,,,
120,The Night Marketer,thenightmarketer.com,https://thenightmarketer.com,"Delhi, India",30,10-49,,75,239,Tier-A,goodfirms,SignalHire already tried — no founder found,,,,,
121,ARVS IT Solutions Pvt. Ltd.,arvs.in,https://arvs.in,"Noida, India",30,10-49,,75,243,Tier-A,goodfirms,SignalHire already tried — no founder found,,,,,
122,Keeves Technologies Private Limited,keevestechnologies.com,https://keevestechnologies.com,"Kolkata, India",150,50-249,,75,247,Tier-A,goodfirms+nasscom,SignalHire already tried — no founder found,,,,,
123,Tunerlabs Consulting Private Limited,tunerlabs.com,https://tunerlabs.com,"Bengaluru, India",30,10-49,,75,249,Tier-A,goodfirms,SignalHire already tried — no founder found,,,,,
124,Daydreamsoft Infotech LLP,daydreamsoft.com,https://daydreamsoft.com,"Surat, India",150,50-249,,75,251,Tier-A,goodfirms,SignalHire already tried — no founder found,,,,,
125,TECUNIQUE PRIVATE LIMITED,tecunique.com,https://tecunique.com,"Vadodara, India",30,10-49,,75,254,Tier-A,goodfirms,SignalHire already tried — no founder found,,,,,
126,Aimdek Technologies,aimdek.com,https://aimdek.com,"Ahmedabad, India",150,50-249,,75,255,Tier-A,goodfirms,SignalHire already tried — no founder found,,,,,
127,Xenovex Technologies Pvt Ltd,xenovex.com,https://xenovex.com,"Chennai, India",150,50-249,,75,256,Tier-A,goodfirms+nasscom,SignalHire already tried — no founder found,,,,,
128,Tvisha Technologies Inc,tvisha.com,https://tvisha.com,"Hyderabad, India",150,50-249,,75,260,Tier-A,goodfirms,SignalHire already tried — no founder found,,,,,
129,EMedStore,emedstore.in,https://emedstore.in,"Ahmedabad, India",150,50-249,,75,262,Tier-A,goodfirms,SignalHire already tried — no founder found,,,,,
130,eSoft Technologies Pvt. Ltd.,esoftech.com,https://esoftech.com,"Mumbai, India",150,50-249,,75,265,Tier-A,goodfirms,SignalHire already tried — no founder found,,,,,
131,Vibhuti Technologies,vibhuti.biz,https://vibhuti.biz,"Mohali, India",150,50-249,,75,267,Tier-A,goodfirms,SignalHire already tried — no founder found,,,,,
132,Atyantik Technologies Pvt. Ltd.,atyantik.com,https://atyantik.com,"Vadodara, India",150,50-249,,75,268,Tier-A,goodfirms,SignalHire already tried — no founder found,,,,,
133,Zweck Infotech Pvt Ltd,zweck.io,https://zweck.io,"Kochi, India",30,10-49,,75,269,Tier-A,goodfirms,SignalHire already tried — no founder found,,,,,
134,RITWIK IT Services Private Limited,ritwikinfotech.com,https://ritwikinfotech.com,Hyderabad,,,,72,271,Tier-A,nasscom,SignalHire already tried — no founder found,,,,,
135,Upstair Technologies LLP,upstairtechnologies.com,https://upstairtechnologies.com,"Surat, India",30,10-49,,72,272,Tier-A,goodfirms,SignalHire already tried — no founder found,,,,,
136,OMANGOM Infosystems Private Limited,omangom.com,https://omangom.com,"Noida, India",30,10-49,,70,274,Tier-A,goodfirms,SignalHire already tried — no founder found,,,,,
137,Connor Clark & Lunn India Private Limited,cclfg.cclgroup.com,https://cclfg.cclgroup.com,Gurugram,,,,70,275,Tier-A,nasscom,SignalHire already tried — no founder found,,,,,
138,Altumcore Technologies,altumcore.com,https://altumcore.com,"Ahmedabad, India",30,10-49,,70,276,Tier-A,goodfirms,SignalHire already tried — no founder found,,,,,
139,RORBits Software,rorbits.com,https://rorbits.com,"Ahmedabad, India",30,10-49,,70,277,Tier-A,goodfirms,SignalHire already tried — no founder found,,,,,
140,Webclick® Digital Pvt. Ltd,webclickindia.com,https://webclickindia.com,"Delhi, India",30,10-49,,70,278,Tier-A,goodfirms,SignalHire already tried — no founder found,,,,,
141,Shira Infotech,shirainfotech.com,https://shirainfotech.com,"Delhi, India",150,50-249,,70,281,Tier-A,goodfirms,SignalHire already tried — no founder found,,,,,
142,ITSWS Technologies Pvt Ltd,itsws.com,https://itsws.com,"Noida, India",30,10-49,,70,282,Tier-A,goodfirms,SignalHire already tried — no founder found,,,,,
143,Suyog Computech Pvt Ltd,suyogindia.com,https://suyogindia.com,Bhubaneswar,,,,70,285,Tier-A,nasscom,SignalHire already tried — no founder found,,,,,
144,Isynbus Technologies,isynbus.com,https://isynbus.com,"Noida, India",150,50-249,,70,286,Tier-A,goodfirms,SignalHire already tried — no founder found,,,,,
145,Gemicates Technologies Pvt Ltd,gemicates.com,https://gemicates.com,"Chennai, India",30,10-49,,70,287,Tier-A,goodfirms,SignalHire already tried — no founder found,,,,,
146,Phontinent Technologies,phontinent.com,https://phontinent.com,"Jaipur, India",30,10-49,,70,288,Tier-A,goodfirms,SignalHire already tried — no founder found,,,,,
147,Whizcamp Private Limited,whizcamp.tech,https://whizcamp.tech,"Mohali, India",30,10-49,,70,289,Tier-A,goodfirms,SignalHire already tried — no founder found,,,,,
148,SHL (India) Private Limited,shl.com,https://shl.com,Gurugram,,,,70,290,Tier-A,nasscom,SignalHire already tried — no founder found,,,,,
149,Traviyo,traviyo.com,https://traviyo.com,"Noida, India",30,10-49,,70,291,Tier-A,goodfirms,SignalHire already tried — no founder found,,,,,
150,Albiorix Technology Private Limited,albiorixtech.com,https://albiorixtech.com,"Ahmedabad, India",150,50-249,,70,292,Tier-A,goodfirms,SignalHire already tried — no founder found,,,,,
151,Dqot Solutions,dqotsolutions.com,https://dqotsolutions.com,"Jaipur, India",150,50-249,,70,293,Tier-A,goodfirms,SignalHire already tried — no founder found,,,,,
152,Nevina Infotech Pvt.Ltd,nevinainfotech.com,https://nevinainfotech.com,"Ahmedabad, India",30,10-49,,70,295,Tier-A,goodfirms,SignalHire already tried — no founder found,,,,,
153,Convergent Infoware,convergentinfoware.com,https://convergentinfoware.com,"Kolkata, India",30,10-49,,70,296,Tier-A,goodfirms,SignalHire already tried — no founder found,,,,,
154,STP Investment Services India Private Limited,stpis.com,https://stpis.com,Bengaluru,,,,70,297,Tier-A,nasscom,SignalHire already tried — no founder found,,,,,
155,Alkami Technology India Private Limited,alkami.com,https://alkami.com,Gurugram,,,,70,298,Tier-A,nasscom,SignalHire already tried — no founder found,,,,,
156,Quintero,quinterocorp.com,https://quinterocorp.com,"Delhi, India",30,10-49,,70,299,Tier-A,goodfirms,SignalHire already tried — no founder found,,,,,
157,Intuz,intuz.com,https://intuz.com,"Ahmedabad, India",150,50-249,,70,302,Tier-A,goodfirms,SignalHire already tried — no founder found,,,,,
158,eClerx Services Ltd,eclerx.com,https://eclerx.com,Mumbai,,,,70,304,Tier-A,nasscom,SignalHire already tried — no founder found,,,,,
159,iGex Solutions,igexsolutions.com,https://igexsolutions.com,"Ahmedabad, India",30,10-49,,70,305,Tier-A,goodfirms,SignalHire already tried — no founder found,,,,,
160,Notiva Private Limited,nasscom.in,https://nasscom.in,Kolkata,,,,70,306,Tier-A,nasscom,SignalHire already tried — no founder found,,,,,
161,Kanhasoft,kanhasoft.com,https://kanhasoft.com,"Ahmedabad, India",150,50-249,,70,309,Tier-A,goodfirms,SignalHire already tried — no founder found,,,,,
162,CITYTECH SOFTWARE,citytechcorp.com,https://citytechcorp.com,"Kolkata, India",150,50-249,,70,310,Tier-A,goodfirms,SignalHire already tried — no founder found,,,,,
163,Awzpact Technologies & Services Pvt.Ltd.,awzpact.com,https://awzpact.com,"Bhopal, India",150,50-249,,70,312,Tier-A,goodfirms,SignalHire already tried — no founder found,,,,,
164,ChromeInfo Technologies,chromeinfotech.net,https://chromeinfotech.net,"Noida, India",150,50-249,,70,313,Tier-A,goodfirms,SignalHire already tried — no founder found,,,,,
165,Tecziq Solutions Pvt Ltd,tecziq.com,https://tecziq.com,"Delhi, India",30,10-49,,70,314,Tier-A,goodfirms,SignalHire already tried — no founder found,,,,,
166,Agreem Technologies,agreemtech.com,https://agreemtech.com,"Ahmedabad, India",30,10-49,,70,316,Tier-A,goodfirms,SignalHire already tried — no founder found,,,,,
167,IConflux Techonologies,iconflux.com,https://iconflux.com,"Ahmedabad, India",150,50-249,,70,317,Tier-A,goodfirms,SignalHire already tried — no founder found,,,,,
168,AppsPlusWeb,appsplusweb.com,https://appsplusweb.com,"Delhi, India",30,10-49,,70,318,Tier-A,goodfirms,SignalHire already tried — no founder found,,,,,
169,SoftechPlanet,softechplanet.com,https://softechplanet.com,"Jaipur, India",30,10-49,,70,319,Tier-A,goodfirms,SignalHire already tried — no founder found,,,,,
170,GOPRIME NETWORKS & SYSTEMS PVT LTD,primenetworks.io,https://primenetworks.io,"Mumbai, India",30,10-49,,70,321,Tier-A,goodfirms,SignalHire already tried — no founder found,,,,,
171,Weblink Solutions,weblink.co.in,https://weblink.co.in,"Hyderabad, India",30,10-49,,70,322,Tier-A,goodfirms,SignalHire already tried — no founder found,,,,,
172,E Launch Solution Pvt. Ltd.,elaunchinfotech.com,https://elaunchinfotech.com,"Surat, India",150,50-249,,70,325,Tier-A,goodfirms,SignalHire already tried — no founder found,,,,,
173,Kadam Technologies Pvt. Ltd.,kadamtech.com,https://kadamtech.com,"Jaipur, India",150,50-249,,70,326,Tier-A,goodfirms,SignalHire already tried — no founder found,,,,,
174,Bel Technology,bel-technology.com,https://bel-technology.com,"Jaipur, India",150,50-249,,70,327,Tier-A,goodfirms,SignalHire already tried — no founder found,,,,,
175,Techninza,techninza.in,https://techninza.in,"Gurgaon, India",150,50-249,,70,328,Tier-A,goodfirms,SignalHire already tried — no founder found,,,,,
176,SkyQuest Technology Consulting Pvt. Ltd.,skyquestt.com,https://skyquestt.com,"Ahmedabad, India",150,50-249,,70,329,Tier-A,goodfirms,SignalHire already tried — no founder found,,,,,
177,Deuex Solutions Pvt. Ltd.,deuexsolutions.com,https://deuexsolutions.com,"Mumbai, India",150,50-249,,70,330,Tier-A,goodfirms,SignalHire already tried — no founder found,,,,,
178,Advertro India,advertroindia.co.in,https://advertroindia.co.in,"Bengaluru, India",150,50-249,,70,333,Tier-A,goodfirms,SignalHire already tried — no founder found,,,,,
179,Debut Infotech Global Technologies LLC,debutinfotech.com,https://debutinfotech.com,"Mohali, India",150,50-249,,70,334,Tier-A,goodfirms,SignalHire already tried — no founder found,,,,,
180,EliteSigma Infotech,elitesigma.com,https://elitesigma.com,"Ahmedabad, India",30,10-49,,70,335,Tier-A,goodfirms,SignalHire already tried — no founder found,,,,,
181,Vedlogic Soultions PVT. LTD,vedlogic.com,https://vedlogic.com,"Ahmedabad, India",150,50-249,,70,338,Tier-A,goodfirms,SignalHire already tried — no founder found,,,,,
182,iTechNotion Pvt Ltd,itechnotion.com,https://itechnotion.com,"Ahmedabad, India",150,50-249,,70,339,Tier-A,goodfirms,SignalHire already tried — no founder found,,,,,
183,Facile Technolab Pvt Ltd,faciletechnolab.com,https://faciletechnolab.com,"Ahmedabad, India",150,50-249,,70,341,Tier-A,goodfirms,SignalHire already tried — no founder found,,,,,
184,CloudTrains Technologies Pvt.Ltd,cloudtrains.com,https://cloudtrains.com,"Pune, India",150,50-249,,70,349,Tier-A,goodfirms,SignalHire already tried — no founder found,,,,,
185,MAG Studios,mag-corp.com,https://mag-corp.com,"Delhi, India",150,50-249,,70,350,Tier-A,goodfirms,SignalHire already tried — no founder found,,,,,
186,WebOsmotic Pvt. Ltd.,webosmotic.com,https://webosmotic.com,"Bengaluru, India",150,50-249,,70,353,Tier-A,goodfirms,SignalHire already tried — no founder found,,,,,
187,Peninsular Research Operation,peninsularresearchops.com,https://peninsularresearchops.com,"Chennai, India",150,50-249,,70,354,Tier-A,goodfirms,SignalHire already tried — no founder found,,,,,
188,Banyan Tree Ecosys Pvt. Ltd.,abanyantree.com,https://abanyantree.com,"Pune, India",150,50-249,,70,357,Tier-A,goodfirms,SignalHire already tried — no founder found,,,,,
189,Mobcoder,mobcoder.com,https://mobcoder.com,"Noida, India",150,50-249,,70,358,Tier-A,goodfirms,SignalHire already tried — no founder found,,,,,
190,Heureux Software Solutions (P) Ltd.,heureuxsoftware.com,https://heureuxsoftware.com,"Noida, India",150,50-249,,70,360,Tier-A,goodfirms,SignalHire already tried — no founder found,,,,,
191,Logix Built Solutions Private Limited,logixbuilt.com,https://logixbuilt.com,"Surat, India",150,50-249,,70,361,Tier-A,goodfirms,SignalHire already tried — no founder found,,,,,
192,Nenosystems Consulting Services Ltd,nenosystems.com,https://nenosystems.com,"Indore, India",150,50-249,,70,362,Tier-A,goodfirms,SignalHire already tried — no founder found,,,,,
193,NSS Private Limited,nssplindia.com,https://nssplindia.com,"Delhi, India",150,50-249,,70,363,Tier-A,goodfirms,SignalHire already tried — no founder found,,,,,
194,Solis Technology Private Limited,solistechnology.in,https://solistechnology.in,"Gurgaon, India",150,50-249,,70,364,Tier-A,goodfirms,SignalHire already tried — no founder found,,,,,
195,Yugasa Software Labs Private Limited,yugasa.com,https://yugasa.com,"Gurgaon, India",150,50-249,,70,367,Tier-A,goodfirms,SignalHire already tried — no founder found,,,,,
196,Taasha Tech,taasha.tech,https://taasha.tech,"Ahmedabad, India",150,50-249,,70,368,Tier-A,goodfirms,SignalHire already tried — no founder found,,,,,
197,Csquaretech,csquaretech.com,https://csquaretech.com,"Noida, India",150,50-249,,70,370,Tier-A,goodfirms,SignalHire already tried — no founder found,,,,,
198,Ceredox Technologies Pvt Ltd,ceredox.com,https://ceredox.com,"Hyderabad, India",150,50-249,,70,372,Tier-A,goodfirms,SignalHire already tried — no founder found,,,,,
199,eSparkBiz Technologies Pvt. Ltd,esparkinfo.com,https://esparkinfo.com,"Ahmedabad, India",150,50-249,,70,377,Tier-A,goodfirms,SignalHire already tried — no founder found,,,,,
200,Tangle Solutions Pvt. Ltd.,tanglesolutions.com,https://tanglesolutions.com,"Noida, India",150,50-249,,70,380,Tier-A,goodfirms,SignalHire already tried — no founder found,,,,,
